epoch_id,train_reco_loss,train_pred_loss,train_loss
0.0,0.3571031987667084,0.29461607336997986,0.6517192721366882
1.0,0.34567990899086,0.2940528690814972,0.6397327780723572
2.0,0.3593023419380188,0.29399827122688293,0.6533006429672241
3.0,0.4490819573402405,0.30516794323921204,0.7542499303817749
4.0,0.3583930432796478,0.29384902119636536,0.6522420644760132
5.0,0.2560153603553772,0.29391583800315857,0.5499311685562134
6.0,0.2552104890346527,0.29400044679641724,0.5492109060287476
7.0,0.25293827056884766,0.29289302229881287,0.5458313226699829
8.0,0.2184135913848877,0.2929937243461609,0.5114073157310486
9.0,0.10950993001461029,0.2871992290019989,0.396709144115448
10.0,0.09165035933256149,0.2923111319541931,0.3839614987373352
11.0,0.08942308276891708,0.2918388247489929,0.3812619149684906
12.0,0.14575448632240295,0.005294324830174446,0.15104880928993225
13.0,0.08922930806875229,0.005028903018683195,0.09425821155309677
14.0,0.07914353162050247,0.005254353396594524,0.08439788222312927
15.0,0.07822196930646896,0.0052286917343735695,0.08345066010951996
16.0,0.07588020712137222,0.005148948170244694,0.08102915436029434
17.0,0.07532832026481628,0.005046900827437639,0.08037522435188293
18.0,0.0710584968328476,0.004935269709676504,0.07599376887083054
19.0,0.06981401145458221,0.004850943572819233,0.07466495782136917
20.0,0.06938792765140533,0.004847460892051458,0.07423538714647293
21.0,0.06419702619314194,0.004698777571320534,0.06889580190181732
22.0,0.07465635240077972,0.004635053686797619,0.07929140329360962
23.0,0.06934911757707596,0.004598624538630247,0.07394774258136749
24.0,0.06824231892824173,0.004579655360430479,0.0728219747543335
25.0,0.058138225227594376,0.004544651135802269,0.0626828745007515
26.0,0.05664145573973656,0.004530075937509537,0.061171531677246094
27.0,0.06816366314888,0.004536338150501251,0.07270000129938126
28.0,0.06546089053153992,0.004427993670105934,0.0698888823390007
29.0,0.0607152134180069,0.004514368716627359,0.06522957980632782
30.0,0.051354002207517624,0.004517825320363045,0.05587182939052582
31.0,0.06661884486675262,0.0044282968156039715,0.07104714214801788
32.0,0.05300532653927803,0.004503665026277304,0.05750899016857147
33.0,0.04990667477250099,0.004528192337602377,0.05443486571311951
34.0,0.050364892929792404,0.00453830836340785,0.05490320175886154
35.0,0.05190727487206459,0.004370222333818674,0.056277498602867126
36.0,0.04943161457777023,0.004350333008915186,0.05378194898366928
37.0,0.041806645691394806,0.004318977240473032,0.0461256243288517
38.0,0.03642001003026962,0.003945769742131233,0.04036577790975571
39.0,0.015105162747204304,0.004272713791579008,0.019377876073122025
40.0,0.012897941283881664,0.004624161869287491,0.01752210408449173
41.0,0.01697937585413456,0.004350850358605385,0.021330226212739944
42.0,0.014265244826674461,0.004360877443104982,0.018626121804118156
43.0,0.010633681900799274,0.004305693786591291,0.014939375221729279
44.0,0.010021509602665901,0.004202738404273987,0.014224248006939888
45.0,0.010642612352967262,0.00422103563323617,0.014863647520542145
46.0,0.011127769015729427,0.004171822220087051,0.015299591235816479
47.0,0.01053695660084486,0.004129478242248297,0.01466643437743187
48.0,0.011882130987942219,0.004051256459206343,0.015933386981487274
49.0,0.007681794930249453,0.0040558502078056335,0.011737644672393799
50.0,0.011907601729035378,0.0039754994213581085,0.015883101150393486
51.0,0.00779196759685874,0.003966519609093666,0.011758487671613693
52.0,0.010544649325311184,0.003969487734138966,0.01451413705945015
53.0,0.008287090808153152,0.0038979665841907263,0.012185057625174522
54.0,0.00949134398251772,0.0038286519702523947,0.013319996185600758
55.0,0.00980452448129654,0.0038163475692272186,0.013620872050523758
56.0,0.009002776816487312,0.00371150323189795,0.012714279815554619
57.0,0.007682590279728174,0.003553935792297125,0.011236526072025299
58.0,0.008332581259310246,0.0035683903843164444,0.01190097164362669
59.0,0.00911080464720726,0.0033814203925430775,0.01249222457408905
60.0,0.008527400903403759,0.004284538794308901,0.012811940163373947
61.0,0.00816958025097847,0.004165356978774071,0.01233493722975254
62.0,0.009163038805127144,0.004102115519344807,0.01326515432447195
63.0,0.010504862293601036,0.004075300879776478,0.014580163173377514
64.0,0.007455881685018539,0.004076218232512474,0.011532099917531013
65.0,0.008931058458983898,0.004040444735437632,0.012971503660082817
66.0,0.007529894355684519,0.004047113936394453,0.011577008292078972
67.0,0.010184556245803833,0.004056279081851244,0.01424083486199379
68.0,0.009050375781953335,0.004058748949319124,0.013109125196933746
69.0,0.01021147333085537,0.004110186826437712,0.014321660622954369
70.0,0.007024683523923159,0.00415085582062602,0.011175539344549179
71.0,0.006956782191991806,0.004184989258646965,0.011141771450638771
72.0,0.007932477630674839,0.004213492386043072,0.01214597001671791
73.0,0.007106449920684099,0.004242748953402042,0.011349199339747429
74.0,0.009007852524518967,0.0040787700563669205,0.013086622580885887
75.0,0.007157693151384592,0.004109726753085852,0.011267419904470444
76.0,0.007238141726702452,0.004112646449357271,0.011350788176059723
77.0,0.007638340815901756,0.004181135445833206,0.011819476261734962
78.0,0.007131940685212612,0.004161694552749395,0.01129363477230072
79.0,0.007402113638818264,0.004347995389252901,0.011750109493732452
80.0,0.0060692960396409035,0.004249272868037224,0.010318568907678127
81.0,0.006634702440351248,0.00379777979105711,0.01043248176574707
82.0,0.00806836225092411,0.0034463652409613132,0.011514727026224136
83.0,0.005014519207179546,0.0034893823321908712,0.008503901772201061
84.0,0.0061227427795529366,0.00336039112880826,0.009483134374022484
85.0,0.004745706915855408,0.003289333079010248,0.008035039529204369
86.0,0.004792368039488792,0.0033704969100654125,0.008162865415215492
87.0,0.004058890510350466,0.003300512908026576,0.007359403185546398
88.0,0.005194427445530891,0.0033911375794559717,0.00858556479215622
89.0,0.0057069482281804085,0.004293513018637896,0.010000461712479591
90.0,0.00691254111006856,0.0028320758137851954,0.009744617156684399
91.0,0.022033704444766045,0.008616339415311813,0.030650043860077858
92.0,0.009437667205929756,0.0047431751154363155,0.014180842787027359
93.0,0.008111643604934216,0.004517957102507353,0.012629600241780281
94.0,0.010353346355259418,0.003674290142953396,0.014027636498212814
95.0,0.007409726269543171,0.004184360150247812,0.01159408688545227
96.0,0.009666572324931622,0.004155110102146864,0.013821681961417198
97.0,0.00728789484128356,0.003880547359585762,0.011168442666530609
98.0,0.007965781725943089,0.0038490763399749994,0.011814857833087444
99.0,0.007898957468569279,0.0038713247049599886,0.011770281940698624
100.0,0.008611327968537807,0.0038834302686154842,0.012494757771492004
101.0,0.006655672565102577,0.003892462234944105,0.01054813526570797
102.0,0.009083416312932968,0.003897993126884103,0.012981409206986427
103.0,0.007511135656386614,0.00390136637724936,0.011412502266466618
104.0,0.005984312389045954,0.003931164275854826,0.00991547666490078
105.0,0.006159274373203516,0.003958092071115971,0.010117366909980774
106.0,0.00635814294219017,0.0039728484116494656,0.010330991819500923
107.0,0.0064124614000320435,0.004145544022321701,0.010558005422353745
108.0,0.005413280334323645,0.004171824548393488,0.009585104882717133
109.0,0.011091927997767925,0.007242412306368351,0.018334340304136276
110.0,0.008240188471972942,0.004312634933739901,0.01255282387137413
111.0,0.007535097189247608,0.004428723361343145,0.011963820084929466
112.0,0.052736856043338776,0.0043297396041452885,0.057066597044467926
113.0,0.018596939742565155,0.004060040228068829,0.022656980901956558
114.0,0.011101965792477131,0.003887769766151905,0.014989735558629036
115.0,0.011786611750721931,0.0040610916912555695,0.0158477034419775
116.0,0.008611324243247509,0.0040311748161911964,0.012642499059438705
117.0,0.007304819766432047,0.004241111688315868,0.011545931920409203
118.0,0.008649670518934727,0.004219417925924063,0.012869087979197502
119.0,0.008987784385681152,0.004194491542875767,0.013182275928556919
120.0,0.007694799453020096,0.004182709846645594,0.011877508834004402
121.0,0.008749715983867645,0.004176413640379906,0.012926129624247551
122.0,0.005863301921635866,0.004170193802565336,0.010033495724201202
123.0,0.0054472992196679115,0.004163581412285566,0.00961088016629219
124.0,0.005331321153789759,0.004163086414337158,0.00949440710246563
125.0,0.0062273843213915825,0.004162197466939688,0.010389581322669983
126.0,0.00945139117538929,0.004158397205173969,0.013609788380563259
127.0,0.004808208905160427,0.004172844812273979,0.008981053717434406
128.0,0.006733845919370651,0.004180749878287315,0.010914595797657967
129.0,0.004842013586312532,0.004184208810329437,0.009026221930980682
130.0,0.003752797842025757,0.004200752358883619,0.007953550666570663
131.0,0.004328738432377577,0.004200391471385956,0.00852913036942482
132.0,0.004202809650450945,0.0042175292037427425,0.008420338854193687
133.0,0.004272111225873232,0.00422157347202301,0.008493684232234955
134.0,0.004034784622490406,0.004211419261991978,0.008246203884482384
135.0,0.0034333872608840466,0.0041965702548623085,0.007629957515746355
136.0,0.0045493063516914845,0.00419539725407958,0.008744703605771065
137.0,0.0032557372469455004,0.004198053386062384,0.007453790865838528
138.0,0.004500991199165583,0.004203477408736944,0.008704468607902527
139.0,0.004107931163161993,0.0042229341343045235,0.00833086483180523
140.0,0.003306220518425107,0.004254712723195553,0.007560933008790016
141.0,0.003194320248439908,0.004287433810532093,0.007481753826141357
142.0,0.005648704245686531,0.004270560573786497,0.009919265285134315
143.0,0.0036491774953901768,0.0034403738100081682,0.007089551538228989
144.0,0.004102923441678286,0.003502841806039214,0.007605765014886856
145.0,0.0037822306621819735,0.003879002295434475,0.007661232724785805
146.0,0.0037243301048874855,0.003861007746309042,0.0075853378511965275
147.0,0.0034194220788776875,0.0038567062001675367,0.0072761280462145805
148.0,0.0040259407833218575,0.00385904754512012,0.007884988561272621
149.0,0.004946501459926367,0.003435404971241951,0.008381906896829605
150.0,0.0035913174506276846,0.003559157019481063,0.0071504744701087475
151.0,0.003866456914693117,0.0037268386222422123,0.0075932955369353294
152.0,0.0035353219136595726,0.01316075399518013,0.016696076840162277
153.0,0.0028669170569628477,0.0038792730774730444,0.006746190134435892
154.0,0.002781858202069998,0.0038669519126415253,0.006648810114711523
155.0,0.004221279639750719,0.003865589387714863,0.00808686949312687
156.0,0.003991338424384594,0.0038675370160490274,0.007858875207602978
157.0,0.0029591526836156845,0.003867079271003604,0.006826232187449932
158.0,0.002796630607917905,0.0038688243366777897,0.006665455177426338
159.0,0.00263298605568707,0.003871054155752063,0.006504040211439133
160.0,0.0034970599226653576,0.0038729235529899597,0.007369983475655317
161.0,0.0045193941332399845,0.0038732218090444803,0.008392616175115108
162.0,0.003763990942388773,0.003876412520185113,0.00764040369540453
163.0,0.004165326245129108,0.003877975046634674,0.008043301291763783
164.0,0.004071556031703949,0.003879125928506255,0.007950682193040848
165.0,0.0031645020935684443,0.003883634228259325,0.007048136554658413
166.0,0.0040334900841116905,0.0038843457587063313,0.007917836308479309
167.0,0.0032768892124295235,0.003887532977387309,0.007164422422647476
168.0,0.002168967155739665,0.003890191437676549,0.006059158593416214
169.0,0.003584039630368352,0.0038886424154043198,0.007472681812942028
170.0,0.0029747833032160997,0.0038900149520486593,0.006864798255264759
171.0,0.0035534328781068325,0.003891394007951021,0.007444826886057854
172.0,0.0036291973665356636,0.003888414241373539,0.007517611607909203
173.0,0.0023752909619361162,0.003884269157424569,0.006259560119360685
174.0,0.0024273849558085203,0.003886700375005603,0.006314085330814123
175.0,0.0032474983017891645,0.0038874419406056404,0.007134940475225449
176.0,0.0031376429833471775,0.0038840703200548887,0.007021713070571423
177.0,0.0038509827572852373,0.0038834610022604465,0.0077344439923763275
178.0,0.0025858657900243998,0.0038796341978013515,0.006465500220656395
179.0,0.003171732882037759,0.0038803070783615112,0.007052039727568626
180.0,0.0024145497009158134,0.003881206037476659,0.006295755505561829
181.0,0.002856590086594224,0.0038730576634407043,0.006729647517204285
182.0,0.004462355747818947,0.003909733612090349,0.008372088894248009
183.0,0.004512573592364788,0.003911322448402643,0.008423896506428719
184.0,0.0034389281645417213,0.0038529885932803154,0.007291916757822037
185.0,0.0021828622557222843,0.003841300727799535,0.006024163216352463
186.0,0.0026177549734711647,0.003835195442661643,0.006452950648963451
187.0,0.0028633889742195606,0.0038391081616282463,0.006702497135847807
188.0,0.0030720566865056753,0.0038379349280148745,0.00690999161452055
189.0,0.0031817706767469645,0.003837230382487178,0.007019001059234142
190.0,0.0027394897770136595,0.0038331516552716494,0.006572641432285309
191.0,0.0022366042248904705,0.003836951684206724,0.006073555909097195
192.0,0.0034380925353616476,0.003836944466456771,0.0072750370018184185
193.0,0.002004174282774329,0.0038389419205486774,0.005843115970492363
194.0,0.0028100167401134968,0.003842095145955682,0.006652112118899822
195.0,0.0030767086427658796,0.003846509149298072,0.0069232177920639515
196.0,0.002829606644809246,0.0038443009834736586,0.006673907861113548
197.0,0.00376432528719306,0.0038455231115221977,0.007609848398715258
198.0,0.003353242762386799,0.0038506409619003534,0.007203883491456509
199.0,0.00201454758644104,0.0038455429021269083,0.005860090255737305
200.0,0.003195436205714941,0.003855375573039055,0.007050811778753996
201.0,0.002938015153631568,0.00384977157227695,0.006787786725908518
202.0,0.0024435778614133596,0.00384627771563828,0.0062898555770516396
203.0,0.0020748001988977194,0.0038548149168491364,0.005929615348577499
204.0,0.0024114318657666445,0.003848262131214142,0.006259693764150143
205.0,0.0033784194383770227,0.003858517622575164,0.007236937060952187
206.0,0.0028644627891480923,0.003856540424749255,0.006721002981066704
207.0,0.0034245417919009924,0.0038538833614438772,0.00727842515334487
208.0,0.0019005312351509929,0.003848249791190028,0.005748780909925699
209.0,0.0027807489968836308,0.003853224217891693,0.006633973214775324
210.0,0.0035289342049509287,0.003855803282931447,0.007384737487882376
211.0,0.003190534422174096,0.003860701574012637,0.007051235996186733
212.0,0.003200232284143567,0.0038625060115009546,0.007062738295644522
213.0,0.002605338580906391,0.003851342713460326,0.006456681527197361
214.0,0.0034630883019417524,0.0038539301604032516,0.007317018695175648
215.0,0.003203798085451126,0.00385652924887836,0.0070603275671601295
216.0,0.002535461448132992,0.0038568435702472925,0.006392304785549641
217.0,0.0022572637535631657,0.003849405562505126,0.006106669083237648
218.0,0.0028553504962474108,0.0038542805705219507,0.0067096310667693615
219.0,0.0024865316227078438,0.003842212026938796,0.0063287438824772835
220.0,0.0031146646942943335,0.003847353160381317,0.006962018087506294
221.0,0.0026103993877768517,0.004190737381577492,0.006801136769354343
222.0,0.0020072453189641237,0.003986308816820383,0.0059935543686151505
223.0,0.0028624553233385086,0.003944888710975647,0.006807344034314156
224.0,0.0027242088690400124,0.003929747734218836,0.006653956603258848
225.0,0.0031625614501535892,0.003909233957529068,0.007071795407682657
226.0,0.0021598231978714466,0.00389591371640563,0.006055736914277077
227.0,0.0029719965532422066,0.0038971516769379377,0.006869148463010788
228.0,0.002658973913639784,0.003887846600264311,0.006546820513904095
229.0,0.002523910952731967,0.0038880519568920135,0.006411963142454624
230.0,0.0019452710403129458,0.003883257508277893,0.005828528665006161
231.0,0.00262497179210186,0.0038862405344843864,0.0065112123265862465
232.0,0.0027184791397303343,0.0038811543490737677,0.006599633488804102
233.0,0.0027497594710439444,0.003876944538205862,0.006626703776419163
234.0,0.0025620488449931145,0.003885336220264435,0.006447385065257549
235.0,0.00249283853918314,0.0038888214621692896,0.006381659768521786
236.0,0.0029373220168054104,0.004053317941725254,0.0069906399585306644
237.0,0.0035734926350414753,0.00413113459944725,0.007704627234488726
238.0,0.00256826588883996,0.00380380148999393,0.006372067146003246
239.0,0.0032198624685406685,0.0037967979442328215,0.007016660645604134
240.0,0.00345402373932302,0.0037977881729602814,0.007251812145113945
241.0,0.0027522125747054815,0.003807559609413147,0.006559772416949272
242.0,0.0024208759423345327,0.0038006918039172888,0.0062215677462518215
243.0,0.0017623690655454993,0.0038049251306802034,0.005567294079810381
244.0,0.0033744238317012787,0.0038105465937405825,0.0071849701926112175
245.0,0.0018531960668042302,0.003809970570728183,0.005663166753947735
246.0,0.002433128422126174,0.003818924305960536,0.00625205272808671
247.0,0.0029047068674117327,0.003823690116405487,0.006728396750986576
248.0,0.0020197865087538958,0.0038169987965375185,0.005836785305291414
249.0,0.0018206746317446232,0.003828383982181549,0.005649058613926172
250.0,0.0019822162576019764,0.0036233419086784124,0.005605557933449745
251.0,0.0019863038323819637,0.0035390909761190414,0.005525394808501005
252.0,0.0018050523940473795,0.0036617207806557417,0.005466773174703121
253.0,0.0027787035796791315,0.003547260072082281,0.006325963884592056
254.0,0.0019726452883332968,0.003552993293851614,0.005525638349354267
255.0,0.0028139487840235233,0.003556516021490097,0.00637046480551362
256.0,0.002737924689427018,0.0035591660998761654,0.006297091022133827
257.0,0.0019131643930450082,0.003558047581464052,0.0054712118580937386
258.0,0.0035441420041024685,0.003378392430022359,0.006922534666955471
259.0,0.0024735250044614077,0.0038853713776916265,0.006358896382153034
260.0,0.00262505654245615,0.003866031067445874,0.006491087377071381
261.0,0.0017211451195180416,0.0038477734196931124,0.005568918772041798
262.0,0.0018438553670421243,0.0038425354287028313,0.005686390679329634
263.0,0.002512327628210187,0.0038423314690589905,0.006354658864438534
264.0,0.001809410867281258,0.003821068676188588,0.005630479659885168
265.0,0.002835020888596773,0.0038445175159722567,0.0066795386373996735
266.0,0.0019089931156486273,0.003819527802988887,0.005728520918637514
267.0,0.0021317487116903067,0.003837473690509796,0.0059692226350307465
268.0,0.002527575008571148,0.0038431042339652777,0.006370679475367069
269.0,0.0019424939528107643,0.003824780695140362,0.005767274647951126
270.0,0.0015883240848779678,0.0038362254854291677,0.005424549803137779
271.0,0.0018859202973544598,0.003871437394991517,0.0057573579251766205
272.0,0.0019390064990147948,0.003856903873383999,0.0057959104888141155
273.0,0.0026631972286850214,0.003943891730159521,0.006607089191675186
274.0,0.003443752648308873,0.003826267085969448,0.007270019501447678
275.0,0.007096661254763603,0.0039863442070782185,0.011083004996180534
276.0,0.09048064798116684,0.002894087228924036,0.09337473660707474
277.0,0.007897162809967995,0.0039839968085289,0.011881159618496895
278.0,0.005336705595254898,0.003925520461052656,0.009262226521968842
279.0,0.004604917950928211,0.003904507029801607,0.008509425446391106
280.0,0.004260850604623556,0.0038973670452833176,0.008158218115568161
281.0,0.003651539096608758,0.0038901076186448336,0.0075416467152535915
282.0,0.004053618758916855,0.003887058235704899,0.007940676994621754
283.0,0.003277331590652466,0.0038854265585541725,0.007162758149206638
284.0,0.0033910940401256084,0.0038862843066453934,0.007277378346771002
285.0,0.003395705483853817,0.0038858032785356045,0.0072815087623894215
286.0,0.0035079189110547304,0.0038855073507875204,0.007393426261842251
287.0,0.003196961712092161,0.0038821776397526264,0.007079139351844788
288.0,0.0027925034519284964,0.003884865203872323,0.006677368655800819
289.0,0.002750396728515625,0.003889130661264062,0.006639527156949043
290.0,0.0029311354737728834,0.003886875696480274,0.006818011403083801
291.0,0.002767040394246578,0.0038888780400156975,0.006655918434262276
292.0,0.0029413923621177673,0.003885723417624831,0.006827116012573242
293.0,0.0026331583503633738,0.0038898142520338297,0.0065229726023972034
294.0,0.002882408443838358,0.0038877532351762056,0.006770161911845207
295.0,0.0030000940896570683,0.0038903551176190376,0.006890449207276106
296.0,0.0023672282695770264,0.003892027772963047,0.006259256042540073
297.0,0.0030253969598561525,0.0039047393947839737,0.006930136121809483
298.0,0.0021891926880925894,0.003913440275937319,0.0061026327311992645
299.0,0.002407464198768139,0.0043229227885603905,0.006730386987328529
300.0,0.0024132172111421824,0.0039772395975887775,0.0063904570415616035
301.0,0.0023746206425130367,0.0033930845092982054,0.0057677049189805984
302.0,0.0027319854125380516,0.0038107202854007483,0.0065427059307694435
303.0,0.0023460215888917446,0.0036212776321917772,0.0059672994539141655
304.0,0.002020534360781312,0.0036214767023921013,0.00564201083034277
305.0,0.002668672241270542,0.0036151737440377474,0.006283845752477646
306.0,0.002134926151484251,0.00360695319250226,0.005741879343986511
307.0,0.0016893110005185008,0.0036086125764995813,0.00529792346060276
308.0,0.0021299293730407953,0.0036033829674124718,0.0057333121076226234
309.0,0.0020095836371183395,0.003607549238950014,0.005617132876068354
310.0,0.0021115941926836967,0.003608250990509987,0.005719845183193684
311.0,0.00194620992988348,0.003610114101320505,0.005556324031203985
312.0,0.0017006355337798595,0.003608923638239503,0.005309559404850006
313.0,0.0020991952624171972,0.003607166465371847,0.005706361494958401
314.0,0.0019254008075222373,0.00361350504681468,0.005538905970752239
315.0,0.0018607955425977707,0.0036078765988349915,0.005468672141432762
316.0,0.001643973053433001,0.003613850800320506,0.005257823970168829
317.0,0.001986674265936017,0.0036143125034868717,0.005600987002253532
318.0,0.002107985084876418,0.0036119576543569565,0.005719942972064018
319.0,0.0019459844334051013,0.003613525303080678,0.0055595096200704575
320.0,0.0016802006866782904,0.0036135767586529255,0.005293777212500572
321.0,0.002039552666246891,0.003615898545831442,0.005655451212078333
322.0,0.0024231954012066126,0.004317437764257193,0.006740633398294449
323.0,0.0018057662528008223,0.004003951326012611,0.005809717811644077
324.0,0.0017488539451733232,0.003932755906134844,0.005681609734892845
325.0,0.0017758333124220371,0.003977498970925808,0.005753332283347845
326.0,0.0036874033976346254,0.003345865523442626,0.0070332689210772514
327.0,0.002007648814469576,0.003817341523244977,0.0058249905705451965
328.0,0.001901064533740282,0.003617268055677414,0.005518332589417696
329.0,0.001637968234717846,0.0036989105865359306,0.0053368788212537766
330.0,0.0017237502615898848,0.0037184825632721186,0.005442232824862003
331.0,0.0019075057934969664,0.003531436203047633,0.0054389419965445995
332.0,0.0014174571260809898,0.0035397768951952457,0.004957234021276236
333.0,0.0015600394690409303,0.00354775576852262,0.005107795353978872
334.0,0.001550968736410141,0.003553431946784258,0.005104400683194399
335.0,0.0018538360018283129,0.0035617982503026724,0.005415634252130985
336.0,0.0020651358645409346,0.0035654567182064056,0.005630592815577984
337.0,0.0018468546913936734,0.0035726705100387335,0.005419525317847729
338.0,0.002079993486404419,0.0035687198396772146,0.005648713558912277
339.0,0.001418256782926619,0.0035847879480570555,0.005003044847398996
340.0,0.0018784892745316029,0.0035873781889677048,0.005465867463499308
341.0,0.0015557360602542758,0.003595169633626938,0.0051509058102965355
342.0,0.001706034759990871,0.0035899935755878687,0.005296028219163418
343.0,0.001492464798502624,0.0035842012148350477,0.00507666589692235
344.0,0.0013037868775427341,0.003598875366151333,0.004902662243694067
345.0,0.0013492318103089929,0.0036045131273567677,0.004953744821250439
346.0,0.0016775585245341063,0.0035946196876466274,0.00527217797935009
347.0,0.001371178193949163,0.0039662765339016914,0.005337454844266176
348.0,0.0015770533354952931,0.003923465497791767,0.0055005187168717384
349.0,0.0014774680603295565,0.0038124548736959696,0.005289922934025526
350.0,0.00257129012607038,0.0035462856758385897,0.00611757580190897
351.0,0.0012958877487108111,0.0035751741379499435,0.0048710620030760765
352.0,0.0015825385926291347,0.003578545991331339,0.005161084700375795
353.0,0.0012543927878141403,0.0035811932757496834,0.004835586063563824
354.0,0.0015374140348285437,0.0035726872738450766,0.00511010130867362
355.0,0.0012941029854118824,0.0035759673919528723,0.004870070144534111
356.0,0.0016041689086705446,0.0035933384206146,0.005197507329285145
357.0,0.0018822021083906293,0.003570165019482374,0.005452367011457682
358.0,0.0012935006525367498,0.0035758200101554394,0.0048693204298615456
359.0,0.0014715351862832904,0.003569102380424738,0.00504063768312335
360.0,0.0012785808648914099,0.0036025396548211575,0.004881120286881924
361.0,0.0013040738413110375,0.0035865020472556353,0.004890576004981995
362.0,0.0012892395025119185,0.003582367906346917,0.004871607292443514
363.0,0.001179924001917243,0.003602408803999424,0.004782333038747311
364.0,0.0016499243211001158,0.0035815953742712736,0.005231519695371389
365.0,0.0018257532501593232,0.0035861507058143616,0.005411903839558363
366.0,0.0011391749139875174,0.003599833929911256,0.004739008843898773
367.0,0.0013662296114489436,0.0035897844936698675,0.004956013988703489
368.0,0.001559640048071742,0.003604359459131956,0.0051639992743730545
369.0,0.0013129671569913626,0.003607294289395213,0.004920261446386576
370.0,0.0013395835412666202,0.004025659523904324,0.0053652431815862656
371.0,0.0012705703265964985,0.003941256552934647,0.005211826879531145
372.0,0.0011329688131809235,0.003916226793080568,0.005049195606261492
373.0,0.001186105888336897,0.003908672370016575,0.005094778258353472
374.0,0.001703134155832231,0.003914065193384886,0.005617199465632439
375.0,0.001187628018669784,0.0038910028524696827,0.005078630987554789
376.0,0.0014704674249514937,0.003902347758412361,0.005372815299779177
377.0,0.0012492008972913027,0.0038724218029528856,0.005121622700244188
378.0,0.0013646043371409178,0.0038988632149994373,0.0052634673193097115
379.0,0.0014918814413249493,0.003896412206813693,0.005388293415307999
380.0,0.0010932651348412037,0.0038995458744466305,0.004992811009287834
381.0,0.001062836148776114,0.0038919630460441113,0.004954799078404903
382.0,0.0014023859985172749,0.003908688202500343,0.005311074201017618
383.0,0.0014718826860189438,0.0038968203589320183,0.005368703044950962
384.0,0.0011968143517151475,0.003903464414179325,0.005100278649479151
385.0,0.0019699307158589363,0.003911926411092281,0.005881857126951218
386.0,0.0013618171215057373,0.003910434897989035,0.005272252019494772
387.0,0.0014324148651212454,0.0038951735477894545,0.0053275884129107
388.0,0.0013415093999356031,0.0038834442384541035,0.005224953405559063
389.0,0.0013553221942856908,0.0038974471390247345,0.0052527692168951035
390.0,0.0010721591534093022,0.003906358499079943,0.004978517536073923
391.0,0.001190496957860887,0.0038963709957897663,0.005086868070065975
392.0,0.0014329917030408978,0.003897902788594365,0.005330894608050585
393.0,0.001010620384477079,0.003890129504725337,0.004900749772787094
394.0,0.002052227035164833,0.0036731369327753782,0.005725364200770855
395.0,0.001341427443549037,0.0036903477739542723,0.005031775217503309
396.0,0.0015572120901197195,0.003887314349412918,0.005444526672363281
397.0,0.001122066518291831,0.0038624724838882685,0.0049845390021800995
398.0,0.001294622546993196,0.0038503764662891626,0.005144998896867037
399.0,0.0010872189886868,0.0038480020593851805,0.004935220815241337
400.0,0.0014554514782503247,0.003850981593132019,0.005306432954967022
401.0,0.0012566420482471585,0.00384800904430449,0.0051046512089669704
402.0,0.0013589499285444617,0.003847470274195075,0.005206420086324215
403.0,0.0018373188795521855,0.0038406725507229567,0.005677991546690464
404.0,0.001186500070616603,0.0038490688893944025,0.005035568960011005
405.0,0.0013656079536303878,0.003846523119136691,0.005212130956351757
406.0,0.0010917473118752241,0.0038488267455250025,0.004940574057400227
407.0,0.0010696945246309042,0.0038469615392386913,0.004916655831038952
408.0,0.0012558879097923636,0.0038609453476965427,0.005116833373904228
409.0,0.0018919213907793164,0.0038543734699487686,0.005746294744312763
410.0,0.001017139875330031,0.003868699073791504,0.004885838832706213
411.0,0.0011589970672503114,0.00386933796107769,0.00502833491191268
412.0,0.0011423538671806455,0.0038653993979096413,0.005007753148674965
413.0,0.001119533902965486,0.0038612859789282084,0.004980819765478373
414.0,0.0011581794824451208,0.003852392314001918,0.005010571796447039
415.0,0.0010048341937363148,0.0038713414687663317,0.00487617589533329
416.0,0.0014020943781360984,0.0038759198505431414,0.005278014112263918
417.0,0.001580147771164775,0.003871412482112646,0.005451560020446777
418.0,0.0012411727802827954,0.0038763030897825956,0.005117475986480713
419.0,0.0010123569518327713,0.0038807583041489124,0.004893115255981684
420.0,0.0010685193119570613,0.003895325120538473,0.004963844548910856
421.0,0.0011820174986496568,0.003889278043061495,0.00507129542529583
422.0,0.0018482663435861468,0.003895965637639165,0.00574423186480999
423.0,0.0011949252802878618,0.003882000222802162,0.00507692527025938
424.0,0.0012091704411432147,0.0039006774313747883,0.005109847988933325
425.0,0.0010096835903823376,0.0038822651840746403,0.004891948774456978
426.0,0.001121030654758215,0.0038880545180290937,0.005009084939956665
427.0,0.0028580164071172476,0.004001419525593519,0.006859435699880123
428.0,0.0009592894348315895,0.0038788553792983294,0.00483814487233758
429.0,0.0009485205519013107,0.003871254390105605,0.004819775000214577
430.0,0.0010236615780740976,0.00352354533970356,0.004547206684947014
431.0,0.0012405815068632364,0.003528616623952985,0.004769198130816221
432.0,0.0009495607810094953,0.003551534842699766,0.00450109550729394
433.0,0.0012118697632104158,0.003549689194187522,0.004761558957397938
434.0,0.0011616757838055491,0.0035471883602440357,0.004708864260464907
435.0,0.001320019830018282,0.003573244670405984,0.0048932647332549095
436.0,0.0011506077134981751,0.0035677750129252672,0.004718382842838764
437.0,0.0010295610409229994,0.0035741645842790604,0.004603725858032703
438.0,0.0009503590990789235,0.003579681506380439,0.004530040547251701
439.0,0.0010459827026352286,0.0035788207314908504,0.004624803550541401
440.0,0.0014484592247754335,0.0035823227372020483,0.005030781961977482
441.0,0.0009749073069542646,0.0035847260151058435,0.004559633322060108
442.0,0.0011766328243538737,0.0035392846912145615,0.004715917631983757
443.0,0.0012492223177105188,0.0035604690201580524,0.004809691570699215
444.0,0.0011844849213957787,0.00337624573148787,0.004560730420053005
445.0,0.002248985692858696,0.00423944927752018,0.006488434970378876
446.0,0.0016734180971980095,0.004016510676592588,0.005689928773790598
447.0,0.0015642392681911588,0.003936627879738808,0.005500867031514645
448.0,0.0013780015287920833,0.003915709909051657,0.005293711554259062
449.0,0.001406668801791966,0.0038981125690042973,0.005304781254380941
450.0,0.0012948026414960623,0.003891314845532179,0.0051861172541975975
451.0,0.0012477549025788903,0.003882669610902667,0.005130424629896879
452.0,0.0016293583903461695,0.00387470331043005,0.005504061467945576
453.0,0.001130604650825262,0.003872742410749197,0.005003347061574459
454.0,0.0013328868662938476,0.0038704844191670418,0.005203371401876211
455.0,0.0015782697591930628,0.003863820107653737,0.0054420898668468
456.0,0.0010819205781444907,0.0038623095024377108,0.00494422996416688
457.0,0.0012836877722293139,0.0038592712953686714,0.005142958834767342
458.0,0.0013691065832972527,0.0038595153018832207,0.005228621885180473
459.0,0.0020679207518696785,0.0038613982032984495,0.005929319187998772
460.0,0.001007439335808158,0.003863277845084667,0.004870717413723469
461.0,0.001629820209927857,0.004668808542191982,0.006298628635704517
462.0,0.0009541671606712043,0.003849328262731433,0.004803495481610298
463.0,0.0013953265734016895,0.003846237203106284,0.00524156354367733
464.0,0.0010145464912056923,0.0038479813374578953,0.004862527828663588
465.0,0.0011227617505937815,0.0038473824970424175,0.004970144480466843
466.0,0.0014061484253033996,0.0038502623792737722,0.00525641068816185
467.0,0.0010284165618941188,0.0038506065029650927,0.00487902294844389
468.0,0.0009660109062679112,0.0038495829794555902,0.0048155938275158405
469.0,0.0010857710149139166,0.0038509455043822527,0.004936716519296169
470.0,0.0008886584546416998,0.0038527837023139,0.0047414423897862434
471.0,0.0010330576915293932,0.0038551806937903166,0.00488823838531971
472.0,0.0011444392148405313,0.003857171628624201,0.005001611076295376
473.0,0.0010226850863546133,0.0038555844221264124,0.004878269508481026
474.0,0.0011192020028829575,0.0038554975762963295,0.004974699579179287
475.0,0.0008797147893346846,0.003858598181977868,0.004738313145935535
476.0,0.0012531063985079527,0.0038614575751125813,0.00511456374078989
477.0,0.0009030777146108449,0.0038712029345333576,0.004774280823767185
478.0,0.0014505935832858086,0.0038971207104623318,0.00534771429374814
479.0,0.000884643814060837,0.0038706574123352766,0.004755301401019096
480.0,0.0019785151816904545,0.0038309339433908463,0.005809449125081301
481.0,0.0011338349431753159,0.003861476667225361,0.004995311610400677
482.0,0.001023454125970602,0.003691422753036022,0.004714876879006624
483.0,0.0009022959275171161,0.003686279058456421,0.004588575102388859
484.0,0.0009027039050124586,0.0035514647606760263,0.004454168491065502
485.0,0.0008793208980932832,0.003561947029083967,0.0044412678107619286
486.0,0.0018733483739197254,0.003553246846422553,0.005426594987511635
487.0,0.0009821749990805984,0.0035787969827651978,0.004560972098261118
488.0,0.0008294518920592964,0.0035796223673969507,0.004409074317663908
489.0,0.0009194445447064936,0.003578112693503499,0.004497557412832975
490.0,0.0009599201148375869,0.0035951067693531513,0.00455502700060606
491.0,0.0009016166441142559,0.0035881390795111656,0.0044897557236254215
492.0,0.0008741659112274647,0.003601699834689498,0.004475865513086319
493.0,0.0008257045992650092,0.0035948229487985373,0.004420527722686529
494.0,0.001047165016643703,0.003605468664318323,0.004652633797377348
495.0,0.0008295167936012149,0.0035968541633337736,0.004426370840519667
496.0,0.000910396920517087,0.0035999862011522055,0.0045103831216692924
497.0,0.000880492152646184,0.0035976036451756954,0.004478096030652523
498.0,0.0009269961155951023,0.00359675963409245,0.004523755982518196
499.0,0.0009874383686110377,0.0036006327718496323,0.004588071256875992
500.0,0.0008118626428768039,0.0036011640913784504,0.004413026850670576
501.0,0.0008645046036690474,0.0035985782742500305,0.0044630831107497215
502.0,0.0009162442293018103,0.0035970367025583982,0.0045132809318602085
503.0,0.0008614060352556407,0.0036000909749418497,0.004461497068405151
504.0,0.000857464736327529,0.0036025617737323046,0.0044600265100598335
505.0,0.0011995821259915829,0.0035975289065390825,0.004797111265361309
506.0,0.0009456968982703984,0.003607742255553603,0.004553439095616341
507.0,0.0009966191137209535,0.003607063554227352,0.004603682551532984
508.0,0.0008923510322347283,0.0036047124303877354,0.004497063346207142
509.0,0.0009119640453718603,0.003650875762104988,0.004562839865684509
510.0,0.0010225354926660657,0.003741587745025754,0.0047641233541071415
511.0,0.001058880123309791,0.003882385091856122,0.004941265098750591
512.0,0.0008591488003730774,0.0038511038292199373,0.004710252396762371
513.0,0.0009503804612904787,0.0038046890404075384,0.004755069501698017
514.0,0.0008124159066937864,0.0038668247871100903,0.0046792407520115376
515.0,0.0008106989553198218,0.003664640709757805,0.0044753397814929485
516.0,0.0009491513483226299,0.0036639415193349123,0.004613093100488186
517.0,0.0008510695188306272,0.003666386939585209,0.004517456516623497
518.0,0.0009176445892080665,0.003655658569186926,0.004573303274810314
519.0,0.0008798966882750392,0.0036636521108448505,0.0045435489155352116
520.0,0.0009272819734178483,0.00367306312546134,0.004600345157086849
521.0,0.0008136648102663457,0.0036998509895056486,0.004513515625149012
522.0,0.0008455404895357788,0.003738235216587782,0.004583775531500578
523.0,0.0008262734045274556,0.003773051779717207,0.004599325358867645
524.0,0.0016190340975299478,0.003730786731466651,0.0053498209454119205
525.0,0.001159926294349134,0.003729996969923377,0.004889923147857189
526.0,0.0011424642289057374,0.0036171681713312864,0.004759632516652346
527.0,0.0011731548001989722,0.0037243657279759645,0.004897520411759615
528.0,0.0007784867775626481,0.0037552693393081427,0.00453375605866313
529.0,0.000996926799416542,0.003744342364370823,0.004741269163787365
530.0,0.0007843883358873427,0.0036974726244807243,0.004481860902160406
531.0,0.0008848781581036747,0.0038341418839991093,0.004719019867479801
532.0,0.0013115954352542758,0.003667884273454547,0.004979479592293501
533.0,0.0008206553175114095,0.0037831496447324753,0.004603805020451546
534.0,0.0009083025506697595,0.0037134478334337473,0.004621750209480524
535.0,0.0008204443729482591,0.003617403097450733,0.004437847528606653
536.0,0.0012081218883395195,0.003574769012629986,0.004782890900969505
537.0,0.0010220932308584452,0.0038245217874646187,0.00484661478549242
538.0,0.0010421840706840158,0.003987724892795086,0.00502990884706378
539.0,0.0011056028306484222,0.003532941220328212,0.004638544283807278
540.0,0.0012796336086466908,0.003642445430159569,0.004922078922390938
541.0,0.0009791880147531629,0.0038310110103338957,0.00481019914150238
542.0,0.0010884363437071443,0.003836731892079115,0.004925168119370937
543.0,0.0011743434006348252,0.003575283568352461,0.004749626852571964
544.0,0.000968575943261385,0.003019665600731969,0.0039882417768239975
545.0,0.000957767479121685,0.0038255995605140924,0.004783366806805134
546.0,0.0009052049135789275,0.004025007598102093,0.004930212628096342
547.0,0.001241995021700859,0.0032623871229588985,0.004504382144659758
548.0,0.0019809736404567957,0.003578018629923463,0.0055589922703802586
549.0,0.0015762478578835726,0.003548742737621069,0.005124990828335285
550.0,0.00086386309703812,0.003733584191650152,0.004597447346895933
551.0,0.0012776112416759133,0.0033709544222801924,0.0046485657803714275
552.0,0.0012525964993983507,0.003307536244392395,0.004560132510960102
553.0,0.0014580057468265295,0.0033413665369153023,0.004799372516572475
554.0,0.0009255594341084361,0.0037765963934361935,0.004702155943959951
555.0,0.0010434802388772368,0.0034756604582071304,0.004519140813499689
556.0,0.0012945912312716246,0.003748246468603611,0.005042837932705879
557.0,0.0007705051684752107,0.0037021012976765633,0.004472606349736452
558.0,0.0008313330472446978,0.0037057073786854744,0.004537040367722511
559.0,0.0008041647379286587,0.003698545740917325,0.004502710420638323
560.0,0.000904741114936769,0.003658110974356532,0.004562851972877979
561.0,0.0011289648246020079,0.003488885471597314,0.004617850296199322
562.0,0.0013165688142180443,0.003096888307482004,0.0044134571217000484
563.0,0.003347658086568117,0.0029520308598876,0.006299688946455717
564.0,0.0017478460213169456,0.00317948404699564,0.004927330184727907
565.0,0.0018530915258452296,0.00352818937972188,0.005381281021982431
566.0,0.005358066875487566,0.003921144176274538,0.009279211051762104
567.0,0.0011541921412572265,0.0035977931693196297,0.004751985426992178
568.0,0.001244814833626151,0.0035925356205552816,0.004837350454181433
569.0,0.0010521220974624157,0.0037585627287626266,0.004810684826225042
570.0,0.000873660552315414,0.00351522583514452,0.004388886503875256
571.0,0.0009352632332593203,0.0037582048680633307,0.004693468101322651
572.0,0.0009403613512404263,0.0037649967707693577,0.004705358296632767
573.0,0.000899243401363492,0.0035572650376707315,0.0044565084390342236
574.0,0.0010234247893095016,0.003949773497879505,0.004973198287189007
575.0,0.0008225812343880534,0.0038870039861649275,0.004709585104137659
576.0,0.0007976048509590328,0.0038787727244198322,0.004676377400755882
577.0,0.0008362178923562169,0.003950869664549828,0.004787087440490723
578.0,0.0007898573530837893,0.004010628908872604,0.0048004863783717155
579.0,0.0008684717467986047,0.0039012448396533728,0.004769716411828995
580.0,0.0007773446850478649,0.0038247210904955864,0.004602065775543451
581.0,0.0007673259824514389,0.0037851089145988226,0.004552435129880905
582.0,0.0007977942004799843,0.003778188256546855,0.004575982689857483
583.0,0.0010070251300930977,0.003759704064577818,0.004766729194670916
584.0,0.0011278559686616063,0.003786035580560565,0.004913891665637493
585.0,0.0009138929308392107,0.00374130392447114,0.00465519679710269
586.0,0.0008758771000429988,0.003756083082407713,0.0046319602988660336
587.0,0.0010417165467515588,0.0037432056851685047,0.004784922115504742
588.0,0.0008890288881957531,0.003718883963301778,0.004607913084328175
589.0,0.0009387883474119008,0.003701999317854643,0.004640787839889526
590.0,0.0008934392826631665,0.003700793720781803,0.004594232887029648
591.0,0.0008901251712813973,0.003724767128005624,0.004614892415702343
592.0,0.0008794358582235873,0.0037264127749949694,0.004605848807841539
593.0,0.0008697477751411498,0.003721553133800626,0.004591301083564758
594.0,0.0007709250203333795,0.003714751685038209,0.004485676530748606
595.0,0.0007829907117411494,0.0037075746804475784,0.00449056550860405
596.0,0.0009274767362512648,0.003701837733387947,0.004629314411431551
597.0,0.0009533693082630634,0.0037001220043748617,0.0046534910798072815
598.0,0.0008336944738402963,0.0037132087163627148,0.004546903073787689
599.0,0.0009267334244213998,0.0037122906651347876,0.004639023914933205
600.0,0.0007814478012733161,0.003684881143271923,0.0044663287699222565
601.0,0.0008425356354564428,0.0036800990346819162,0.004522634670138359
602.0,0.0008079972467385232,0.003674102248623967,0.004482099320739508
603.0,0.0008336369646713138,0.0036712673027068377,0.00450490415096283
604.0,0.0009334133355878294,0.003670348087325692,0.004603761248290539
605.0,0.0009055800037458539,0.003677628468722105,0.004583208356052637
606.0,0.0007591439643874764,0.003672310383990407,0.004431454464793205
607.0,0.0007396610453724861,0.0036647841334342957,0.004404445178806782
608.0,0.0007609534077346325,0.0036681971978396177,0.004429150372743607
609.0,0.0009035058319568634,0.003663452109321952,0.004566958174109459
610.0,0.0007548151188530028,0.0036610618699342012,0.004415877163410187
611.0,0.0008240368333645165,0.00367358117364347,0.004497617948800325
612.0,0.0007266543107107282,0.0036631382536143064,0.0043897926807403564
613.0,0.0008899170206859708,0.003659767098724842,0.004549684002995491
614.0,0.0009352535125799477,0.003659070935100317,0.0045943246223032475
615.0,0.0007261098362505436,0.0036613838747143745,0.004387493710964918
616.0,0.000734360481146723,0.0036623154301196337,0.0043966760858893394
617.0,0.0007980393711477518,0.0036639755126088858,0.004462014883756638
618.0,0.0007295737159438431,0.0037054235581308603,0.0044349972158670425
619.0,0.0007339331205002964,0.0038045980036258698,0.004538530949503183
620.0,0.000998098636046052,0.003648304147645831,0.004646402783691883
621.0,0.0009040763834491372,0.003727050730958581,0.00463112723082304
622.0,0.0008855590713210404,0.003728856798261404,0.004614416044205427
623.0,0.0009038526914082468,0.0037521407939493656,0.004655993543565273
624.0,0.0007365751080214977,0.0037558232434093952,0.004492398351430893
625.0,0.0007550774607807398,0.0035796966403722763,0.0043347738683223724
626.0,0.000803086964879185,0.0035944345872849226,0.00439752172678709
627.0,0.0007091219304129481,0.003783641615882516,0.004492763429880142
628.0,0.0007384471828117967,0.003802729770541191,0.004541176836937666
629.0,0.0006963057676330209,0.0038055123295634985,0.004501818213611841
630.0,0.0008483952842652798,0.0038126008585095406,0.00466099614277482
631.0,0.0009298471268266439,0.0038193357177078724,0.004749182611703873
632.0,0.0007166723953559995,0.003826227504760027,0.004542899783700705
633.0,0.0008116326062008739,0.003829091787338257,0.0046407245099544525
634.0,0.0008753847796469927,0.003840555902570486,0.004715940915048122
635.0,0.0007008005632087588,0.003852374618873,0.004553175065666437
636.0,0.0007261301507242024,0.0037525708321481943,0.004478700924664736
637.0,0.0007596415816806257,0.0038152053020894527,0.004574846941977739
638.0,0.000766181678045541,0.003832463640719652,0.004598645493388176
639.0,0.0007422756752930582,0.0038404816295951605,0.004582757130265236
640.0,0.0007109259022399783,0.0038351297844201326,0.004546055570244789
641.0,0.000688562635332346,0.003887923900038004,0.00457648653537035
642.0,0.0007032850990071893,0.0039500086568295956,0.004653293639421463
643.0,0.0006999645265750587,0.004002435598522425,0.004702399950474501
644.0,0.0007018183241598308,0.003397591644898057,0.004099410027265549
645.0,0.000717528339009732,0.003337459871545434,0.004054988268762827
646.0,0.0008053818019106984,0.004163043573498726,0.0049684252589941025
647.0,0.0008059379761107266,0.0030290568247437477,0.0038349947426468134
648.0,0.0009033129317685962,0.0034638289362192154,0.004367141984403133
649.0,0.000852537399623543,0.0033288055565208197,0.004181343130767345
650.0,0.0007028503459878266,0.003833553520962596,0.004536403808742762
651.0,0.000726147904060781,0.003848560620099306,0.004574708640575409
652.0,0.0006808523903600872,0.003827714128419757,0.004508566576987505
653.0,0.0008728756220079958,0.003826332511380315,0.004699208308011293
654.0,0.0009765811264514923,0.0038371889386326075,0.004813769832253456
655.0,0.0006769271567463875,0.0038544274866580963,0.004531354643404484
656.0,0.0008271806291304529,0.003925469238311052,0.004752649925649166
657.0,0.0006967919762246311,0.0035966853611171246,0.004293477162718773
658.0,0.001105066854506731,0.004144782200455666,0.005249849054962397
659.0,0.0006954800337553024,0.00473425816744566,0.005429738201200962
660.0,0.00067991076502949,0.0038627111352980137,0.004542621783912182
661.0,0.000777356035541743,0.0035454966127872467,0.004322852473706007
662.0,0.0006978051387704909,0.004669821355491877,0.005367626436054707
663.0,0.0008279559551738203,0.004790155217051506,0.005618111230432987
664.0,0.000755906046833843,0.004016077611595392,0.004771983716636896
665.0,0.0007666183519177139,0.004735927097499371,0.005502545274794102
666.0,0.0007948578568175435,0.005342306103557348,0.00613716384395957
667.0,0.0008422246319241822,0.0038418956100940704,0.004684120416641235
668.0,0.0014892073813825846,0.0040651243180036545,0.005554331466555595
669.0,0.000887938542291522,0.0048844702541828156,0.005772409029304981
670.0,0.0007928677368909121,0.006090098526328802,0.006882966496050358
671.0,0.0007339140283875167,0.004415716975927353,0.005149630829691887
672.0,0.0007301492150872946,0.004217630252242088,0.0049477797001600266
673.0,0.0007848865352571011,0.003778142388910055,0.004563028924167156
674.0,0.0007291988586075604,0.003952902276068926,0.004682101309299469
675.0,0.000736697344109416,0.00456296605989337,0.005299663171172142
676.0,0.0008541212300769985,0.004878255072981119,0.005732376128435135
677.0,0.0007217685924842954,0.013779696077108383,0.014501464553177357
678.0,0.0007788930088281631,0.0035320373717695475,0.004310930147767067
679.0,0.00067636847961694,0.004451424349099398,0.005127792712301016
680.0,0.0007883944199420512,0.0038372220005840063,0.00462561659514904
681.0,0.0006939484737813473,0.0037267389707267284,0.004420687444508076
