epoch_id,train_reco_loss,train_pred_loss,train_loss,vali_reco_loss,vali_pred_loss
0.0,0.3576364815235138,0.2915568947792053,0.6501288414001465,0.3563473358750343,0.29205311834812164
1.0,0.35502904653549194,0.291561096906662,0.6469531655311584,0.3511914059519768,0.292046831548214
2.0,0.3637332618236542,0.29153671860694885,0.6557944416999817,0.3609124630689621,0.2920141041278839
3.0,0.36599284410476685,0.2913544774055481,0.6582420468330383,0.36348386853933334,0.2919127315282822
4.0,0.36583372950553894,0.2912527918815613,0.6577203273773193,0.3631055295467377,0.29188089817762375
5.0,0.36554017663002014,0.2911438047885895,0.6571991443634033,0.3627988636493683,0.29181879460811616
6.0,0.3651982843875885,0.2909975051879883,0.6566402316093445,0.36246239244937895,0.2917074844241142
7.0,0.3646543622016907,0.29083454608917236,0.6558876037597656,0.36199190765619277,0.2915694177150726
8.0,0.3626173734664917,0.2906734347343445,0.6536636352539062,0.360610169172287,0.2914318174123764
9.0,0.27572304010391235,0.291186660528183,0.5687305927276611,0.2691433221101761,0.29190184623003007
10.0,0.26267144083976746,0.29047298431396484,0.5539329648017883,0.25706981495022774,0.29124860018491744
11.0,0.2630724012851715,0.29027059674263,0.5539169311523438,0.2564666591584682,0.2910421922802925
12.0,0.26282766461372375,0.2901178002357483,0.5534296631813049,0.2562929779291153,0.2908982768654823
13.0,0.2629014253616333,0.2907756567001343,0.554091215133667,0.2567065104842186,0.29139830619096757
14.0,0.2571149468421936,0.28768107295036316,0.5452520251274109,0.25172159597277644,0.28854557275772097
15.0,0.2600599229335785,0.2892792224884033,0.5497885942459106,0.25505434796214105,0.2899616912007332
16.0,0.25934648513793945,0.28923848271369934,0.5490015149116516,0.2544479571282864,0.2899116098880768
17.0,0.24969179928302765,0.28561854362487793,0.5359103083610535,0.2449237197637558,0.28616825491189957
18.0,0.2893620431423187,0.28403300046920776,0.5758024454116821,0.2780985102057457,0.285175758600235
19.0,0.21669486165046692,0.2801680862903595,0.5032626390457153,0.18834836333990096,0.27929994016885756
20.0,0.19803142547607422,0.19851507246494293,0.3982643485069275,0.19976332858204843,0.19447648376226426
21.0,0.12122111767530441,0.05211777240037918,0.1789410412311554,0.13784085288643838,0.09372417144477367
22.0,0.12631326913833618,0.062043674290180206,0.19220539927482605,0.10193727873265743,0.02780980346724391
23.0,0.10537991672754288,0.043640926480293274,0.15405522286891937,0.11733351610600948,0.04878853410482407
24.0,0.10000527650117874,0.0253435131162405,0.1291804015636444,0.10016298443078994,0.03983026025816798
25.0,0.09692668914794922,0.026607489213347435,0.12716993689537048,0.11211461462080478,0.03646519584581256
26.0,0.0988820493221283,0.028784245252609253,0.13103923201560974,0.09489543847739697,0.01806202456355095
27.0,0.09695037454366684,0.028715496882796288,0.12906743586063385,0.09465106911957263,0.018809999292716383
28.0,0.10292934626340866,0.050300437957048416,0.15693169832229614,0.10130925923585891,0.041504228860139845
29.0,0.08131159096956253,0.025948237627744675,0.11067261546850204,0.07455097325146198,0.020889838552102448
30.0,0.0901072770357132,0.029993833974003792,0.12349061667919159,0.09309219308197499,0.027636673394590618
31.0,0.09394510835409164,0.05288304015994072,0.14955873787403107,0.0612479330971837,0.01534322858788073
32.0,0.0730937197804451,0.03786907717585564,0.11383164674043655,0.060050342977046964,0.02104256059974432
33.0,0.05449817702174187,0.02560422010719776,0.08297362923622131,0.048811939917504786,0.016990753822028637
34.0,0.040289320051670074,0.030403094366192818,0.07379142940044403,0.041371069848537445,0.019465056341141464
35.0,0.038150180131196976,0.05717158317565918,0.09797438979148865,0.044449733756482604,0.05039551230147481
36.0,0.03285857290029526,0.030003372579813004,0.06588631123304367,0.030297032184898855,0.023788124416023494
37.0,0.035511743277311325,0.046992432326078415,0.0847768634557724,0.037664327584207055,0.024937605019658804
38.0,0.03158728778362274,0.028584923595190048,0.06259849667549133,0.0434046296402812,0.03690596176311374
39.0,0.03160984441637993,0.038190972059965134,0.07262806594371796,0.03343423344194889,0.032709074299782516
40.0,0.025289500132203102,0.04234815761446953,0.07031862437725067,0.028132416401058437,0.0245979352388531
41.0,0.03291960060596466,0.02689901925623417,0.0621475987136364,0.021079739462584256,0.019157721381634473
42.0,0.036316994577646255,0.0484330877661705,0.08669028431177139,0.022363702580332757,0.017140731494873763
43.0,0.017132649198174477,0.02010158821940422,0.03945217281579971,0.018706088606268167,0.018027336103841662
44.0,0.021174874156713486,0.03602536395192146,0.059735242277383804,0.02096040118485689,0.012927638459950685
45.0,0.03170400857925415,0.025347506627440453,0.058989834040403366,0.023411813657730818,0.01472573564387858
46.0,0.02280232310295105,0.05543137714266777,0.08049540221691132,0.03575134798884392,0.07004166319966317
47.0,0.030076177790760994,0.02294722944498062,0.05485660210251808,0.01923170667141676,0.015431870915926993
48.0,0.029066942632198334,0.018787698820233345,0.049594130367040634,0.023627467360347508,0.015732017019763588
49.0,0.02447657659649849,0.052140261977910995,0.07874910533428192,0.026233584433794022,0.03272299226373434
50.0,0.02302747406065464,0.027840815484523773,0.05273762717843056,0.017607448622584343,0.020750230830162763
51.0,0.030385246500372887,0.031375735998153687,0.06380161643028259,0.051973715610802176,0.04635250670835376
52.0,0.024416370317339897,0.047828759998083115,0.07392476499080658,0.0323705093935132,0.024013106990605593
53.0,0.024580741301178932,0.02490159496665001,0.05129777267575264,0.05019796658307314,0.044875322934240104
54.0,0.023739758878946304,0.019586967304348946,0.044921014457941055,0.03129644058644772,0.024561632983386518
55.0,0.019210830330848694,0.024466169998049736,0.04522150754928589,0.01849507847800851,0.016280528018251063
56.0,0.028671754524111748,0.035040032118558884,0.065592922270298,0.04423553552478552,0.0456556361168623
57.0,0.02641850709915161,0.02495185285806656,0.053004153072834015,0.01874598329886794,0.01456870771944523
58.0,0.02583627961575985,0.03159547969698906,0.059052083641290665,0.04492453522980213,0.03625071737915277
59.0,0.030809279531240463,0.03393261507153511,0.06605489552021027,0.016029309341683985,0.01915581482462585
60.0,0.02134246565401554,0.04967770352959633,0.07269088178873062,0.02490124450996518,0.031168859684839845
61.0,0.02497928962111473,0.02482549287378788,0.05117550864815712,0.04234489724040032,0.022600318072363734
62.0,0.02529264986515045,0.05055791139602661,0.07758701592683792,0.029948733281344175,0.03180832746438682
63.0,0.023856744170188904,0.022834381088614464,0.04802438244223595,0.03990753944963217,0.032355603436008094
64.0,0.03243109583854675,0.021814946085214615,0.05538501963019371,0.0429136335849762,0.026055519515648485
65.0,0.024502547457814217,0.03170333430171013,0.05758468061685562,0.043826684914529325,0.03696325207129121
66.0,0.017927903681993484,0.022574039176106453,0.04174838960170746,0.01990400580689311,0.017271228902973234
67.0,0.03425603359937668,0.021678974851965904,0.05703406408429146,0.020859511755406856,0.013491541147232056
68.0,0.03791430965065956,0.0379021130502224,0.07730420678853989,0.022302913945168257,0.023337937612086534
69.0,0.020359626039862633,0.027563026174902916,0.04921149089932442,0.01998859317973256,0.017572536133229733
70.0,0.030570678412914276,0.021880796179175377,0.05346713960170746,0.047667731158435346,0.027111166343092918
71.0,0.024214576929807663,0.022780414670705795,0.04813740774989128,0.022580680437386036,0.01279479218646884
72.0,0.02353672683238983,0.030181657522916794,0.05491144210100174,0.022197155468165874,0.017557468358427288
73.0,0.02468305453658104,0.05225219950079918,0.07807564735412598,0.01931192660704255,0.010102850338444113
74.0,0.015081553719937801,0.01869138702750206,0.03500812500715256,0.01684336378239095,0.01502101516816765
75.0,0.023764103651046753,0.04169440269470215,0.06681214272975922,0.016805776720866562,0.01570748370140791
76.0,0.037199608981609344,0.019020508974790573,0.057059869170188904,0.04871091023087502,0.024569444451481105
77.0,0.023703360930085182,0.01946348510682583,0.04417545348405838,0.025155830569565295,0.01951530729420483
78.0,0.015762466937303543,0.025056788697838783,0.041846100240945816,0.024795444030314685,0.020494266087189315
79.0,0.027223408222198486,0.05835413932800293,0.08654969930648804,0.016562461107969283,0.030440181028097868
80.0,0.024807805195450783,0.05450376123189926,0.08071879297494888,0.030266399215906858,0.032408827310428025
81.0,0.018632035702466965,0.024020632728934288,0.04388057813048363,0.0196195968426764,0.032479919120669366
82.0,0.033875785768032074,0.03914736956357956,0.07392509281635284,0.020876439288258553,0.01571465574670583
83.0,0.017835872247815132,0.01869843527674675,0.0375528410077095,0.018887517135590316,0.01899775704368949
84.0,0.018260851502418518,0.023374110460281372,0.042656756937503815,0.02119732266291976,0.01427786813583225
85.0,0.02090918831527233,0.0485895499587059,0.07073722779750824,0.02171590765938163,0.027246415987610816
86.0,0.019132958725094795,0.017124775797128677,0.03722422197461128,0.020414901524782182,0.013103775540366768
87.0,0.021669356152415276,0.042849376797676086,0.06554079800844193,0.0395566999912262,0.010290177748538553
88.0,0.026379315182566643,0.01725064218044281,0.04454705864191055,0.03651168774813414,0.027347129955887794
89.0,0.023179642856121063,0.011104569770395756,0.03531946986913681,0.021049792785197495,0.017203642544336616
90.0,0.026992684230208397,0.019498292356729507,0.04731781780719757,0.047014922648668286,0.023035040823742747
91.0,0.024449801072478294,0.032980695366859436,0.05849900469183922,0.02099471278488636,0.011182233970612288
92.0,0.02003239281475544,0.01949390023946762,0.04049726575613022,0.020018137991428375,0.014311183453537523
93.0,0.02422170527279377,0.018274348229169846,0.04357049986720085,0.020800691097974777,0.01643074017483741
94.0,0.01807064190506935,0.022706322371959686,0.04166464880108833,0.022706920094788075,0.015661940514110028
95.0,0.03156654164195061,0.014122163876891136,0.046490274369716644,0.04445569813251495,0.018858992494642735
96.0,0.020866435021162033,0.018654312938451767,0.040437210351228714,0.023463731072843073,0.016725107026286424
97.0,0.01708933524787426,0.01840744912624359,0.03630952909588814,0.019164871610701083,0.012627016403712332
98.0,0.019030503928661346,0.027869999408721924,0.04770804941654205,0.03836566731333733,0.01828590580262244
99.0,0.021662762388586998,0.01462765783071518,0.03705570846796036,0.02278170334175229,0.010100308177061378
100.0,0.02866014838218689,0.017946818843483925,0.04743783921003342,0.048913792334496976,0.020773955900222064
101.0,0.026079334318637848,0.01526097021996975,0.04218696802854538,0.04506128989160061,0.020604955963790417
102.0,0.037540536373853683,0.010494783520698547,0.048802826553583145,0.04700863640755415,0.017364612617529928
103.0,0.017632726579904556,0.010712984018027782,0.029291678220033646,0.013989247940480709,0.010071859485469759
104.0,0.029571745544672012,0.012234574183821678,0.04260316491127014,0.04768388513475656,0.02490099910646677
105.0,0.02261395752429962,0.022843152284622192,0.04639771953225136,0.015878485096618534,0.006061897682957351
106.0,0.025988025590777397,0.015174375846982002,0.04193529859185219,0.04688135460019112,0.021394026232883334
107.0,0.02424013987183571,0.0160154290497303,0.04113936051726341,0.036867526918649675,0.016502892947755754
108.0,0.02801945060491562,0.02424195408821106,0.053053807467222214,0.02565813260152936,0.014266012469306588
109.0,0.02936972677707672,0.01313024666160345,0.04322220757603645,0.032850191183388236,0.018885261658579112
110.0,0.02785690315067768,0.019268106669187546,0.047832660377025604,0.023568778578191996,0.009403384348843247
111.0,0.01761440746486187,0.014434820972383022,0.0328836515545845,0.014346830872818827,0.0073823330225422975
112.0,0.02732798643410206,0.019118765369057655,0.0472373366355896,0.02646976737305522,0.012776149273850023
113.0,0.017905645072460175,0.014049973338842392,0.032729532569646835,0.014805735740810632,0.008883754501584917
114.0,0.02545534446835518,0.01746499165892601,0.043691933155059814,0.023218234349042178,0.010373041906859726
115.0,0.02429562620818615,0.012508492916822433,0.037513088434934616,0.02210281416773796,0.014468731498345733
116.0,0.0181746743619442,0.02027706615626812,0.039213571697473526,0.017455237079411746,0.021847690781578423
117.0,0.02288205549120903,0.049115102738142014,0.07281798869371414,0.024364340119063854,0.03455837666988373
118.0,0.029991788789629936,0.03783465921878815,0.06850287318229675,0.028526140935719015,0.01908089730422944
119.0,0.014457695186138153,0.011086958460509777,0.026267919689416885,0.013988779112696647,0.01082633992191404
120.0,0.022573959082365036,0.018384365364909172,0.04169754311442375,0.022049845103174447,0.01374469050206244
121.0,0.016008535400032997,0.01363474503159523,0.03036436066031456,0.01507134735584259,0.00783409959403798
122.0,0.019830765202641487,0.016593027859926224,0.03711233660578728,0.02475722087547183,0.01707604539114982
123.0,0.037793003022670746,0.02722174860537052,0.06561287492513657,0.03000748613849282,0.008659187064040452
124.0,0.01655416376888752,0.008395159617066383,0.02567022666335106,0.015779375564306974,0.011683005467057228
125.0,0.03371703252196312,0.013977873139083385,0.04830065369606018,0.049085003323853016,0.0231718716211617
126.0,0.016639545559883118,0.008267569355666637,0.025606047362089157,0.015194240352138877,0.007775399391539395
127.0,0.01768365129828453,0.015846258029341698,0.03415994718670845,0.018603705707937478,0.011976775527000428
128.0,0.026317281648516655,0.018030021339654922,0.04499874636530876,0.017100666370242833,0.006650839070789516
129.0,0.015242217108607292,0.00816321186721325,0.024075528606772423,0.014228766784071922,0.00793371256440878
130.0,0.021239206194877625,0.00956739392131567,0.03148354962468147,0.017249843664467336,0.007285395381040871
131.0,0.02798687480390072,0.013954704627394676,0.042587440460920334,0.035129932500422,0.0221326454076916
132.0,0.021950794383883476,0.01848875917494297,0.04104510694742203,0.019874789472669362,0.008580438990611583
133.0,0.025085527449846268,0.014540472999215126,0.040180761367082596,0.017361929081380366,0.00830600264016539
134.0,0.026033636182546616,0.01617100089788437,0.04285939037799835,0.029075463581830264,0.02569669564254582
135.0,0.021291835233569145,0.014474589377641678,0.03644466772675514,0.017275848425924778,0.010492432420141995
136.0,0.020903322845697403,0.013386320322751999,0.035039182752370834,0.021525508724153042,0.0200254489434883
137.0,0.024294015020132065,0.014228392392396927,0.03920184448361397,0.022225919365882873,0.016640136670321225
138.0,0.02274079993367195,0.021330013871192932,0.04473606497049332,0.026428114622831345,0.025940792448818684
139.0,0.018658606335520744,0.011077110655605793,0.030370008200407028,0.016195004666224123,0.008504142961464822
140.0,0.01983872428536415,0.010202130302786827,0.03072802908718586,0.02124909609556198,0.014149031857959926
141.0,0.02623698301613331,0.017767606303095818,0.04464071989059448,0.03136220155283809,0.021676053805276752
142.0,0.02915910631418228,0.026232486590743065,0.056035030633211136,0.02483042245730758,0.020990347117185594
143.0,0.023714140057563782,0.015532335266470909,0.03987818583846092,0.026872877031564713,0.02337291119620204
144.0,0.02080836333334446,0.018660379573702812,0.040090713649988174,0.015961990226060152,0.013159015518613159
145.0,0.020685652270913124,0.01139881368726492,0.03273627907037735,0.018198487348854542,0.006941672484390438
146.0,0.02111557126045227,0.013376518152654171,0.03511153906583786,0.023136042430996893,0.01581581567879766
147.0,0.017930233851075172,0.011532553471624851,0.030195200815796852,0.01666380590759218,0.02097731875255704
148.0,0.01902659982442856,0.021931758150458336,0.04168020188808441,0.013921514758840204,0.00554008106701076
149.0,0.016170527786016464,0.013153163716197014,0.029956256970763206,0.013762957043945789,0.010004843538627028
150.0,0.021361995488405228,0.015248852781951427,0.0371980182826519,0.017813698295503853,0.010242696513887494
151.0,0.017855465412139893,0.0113257160410285,0.02982206828892231,0.02021639412268996,0.017356100701726974
152.0,0.01669650711119175,0.01153670996427536,0.028805924579501152,0.027588188368827104,0.016894710389897226
153.0,0.0183306522667408,0.013370132073760033,0.03231086954474449,0.024593731202185155,0.017086374037899078
154.0,0.022112537175416946,0.01518627442419529,0.03786719590425491,0.016367283882573247,0.0067692168289795514
155.0,0.016988804563879967,0.013638291507959366,0.03125515580177307,0.01906644618138671,0.017659030063077806
156.0,0.01707754097878933,0.012407836504280567,0.030074583366513252,0.01768938312307,0.01243331067962572
157.0,0.020892374217510223,0.012335572391748428,0.033814687281847,0.019462665542960167,0.012569710239768028
158.0,0.015807826071977615,0.013028457760810852,0.029414037242531776,0.020799463242292406,0.018110129702836274
159.0,0.014598376117646694,0.01054851058870554,0.02576185204088688,0.012984389392659067,0.00565591111080721
160.0,0.015051636844873428,0.012677418999373913,0.028311118483543396,0.016473724180832504,0.015504625777248293
161.0,0.015333759598433971,0.013558485545217991,0.029462605714797974,0.01848386488854885,0.017454316304065288
162.0,0.016626371070742607,0.012150620110332966,0.029432613402605057,0.016035732021555303,0.010288635932374746
163.0,0.01805935613811016,0.011446119286119938,0.030217520892620087,0.01581625840626657,0.013590910914354026
164.0,0.022813452407717705,0.016899794340133667,0.04040740057826042,0.019131185486912727,0.007387509034015238
165.0,0.014168147929012775,0.008574902079999447,0.023344697430729866,0.01299782986752689,0.010417036677245051
166.0,0.014472506009042263,0.010019193403422832,0.025100544095039368,0.01557218343950808,0.013347622496075929
167.0,0.014625121839344501,0.010968943126499653,0.026193222030997276,0.018100848980247976,0.015794106759130955
168.0,0.016583308577537537,0.010415139608085155,0.027526045218110085,0.017337876744568347,0.013785877311602236
169.0,0.018930643796920776,0.016252411529421806,0.03613466024398804,0.020144319348037242,0.009645072347484528
170.0,0.024286875501275063,0.028616484254598618,0.05369269847869873,0.02237554155290127,0.013987937243655324
171.0,0.023128759115934372,0.020405219867825508,0.04427335038781166,0.019743162114173173,0.01329523881431669
172.0,0.01667090691626072,0.01897159218788147,0.03639354556798935,0.01620057728141546,0.011984066548757255
173.0,0.017817972227931023,0.012425057590007782,0.030976105481386185,0.016064884280785917,0.011596315051428973
174.0,0.013298551551997662,0.009633809328079224,0.023634713143110275,0.014686193689703942,0.010391148121561855
175.0,0.015979453921318054,0.011134490370750427,0.027869556099176407,0.013958020554855465,0.0128322274540551
176.0,0.01777690090239048,0.012005798518657684,0.030529825016856194,0.013895793398842216,0.011091885878704489
177.0,0.015284053981304169,0.01105052325874567,0.027013923972845078,0.015006500063464046,0.01213508112123236
178.0,0.01880277693271637,0.009656396694481373,0.029142159968614578,0.014771086629480124,0.009507903375197201
179.0,0.015663137659430504,0.00976562686264515,0.026079893112182617,0.015236025117337704,0.010812709049787372
180.0,0.01881626434624195,0.01934962160885334,0.038724225014448166,0.021205465868115426,0.01072520895395428
181.0,0.019462108612060547,0.010624912567436695,0.03080904297530651,0.013331743981689214,0.009364890225697309
182.0,0.017423555254936218,0.008775260299444199,0.026863422244787216,0.013120025210082532,0.00818111808039248
183.0,0.02262776717543602,0.021621817722916603,0.044902827590703964,0.02584997620433569,0.010482961242087186
184.0,0.01869170181453228,0.009833198972046375,0.029255885630846024,0.013147417502477766,0.008797536103520543
185.0,0.01551851723343134,0.012443767860531807,0.028540629893541336,0.01923569990321994,0.017038702382706106
186.0,0.019323864951729774,0.009654760360717773,0.029646778479218483,0.013585362257435918,0.011125892866402864
187.0,0.01975415274500847,0.01624118909239769,0.0366927869617939,0.013556185038760304,0.009900346188805998
188.0,0.0166185200214386,0.009524824097752571,0.026778439059853554,0.012907681101933122,0.009716196719091385
189.0,0.020926600322127342,0.011322639882564545,0.03291879594326019,0.016303953621536492,0.005328371771611273
190.0,0.016873734071850777,0.02292032539844513,0.04048747941851616,0.015620300313457847,0.014168018684722483
191.0,0.01709013618528843,0.011821569874882698,0.029555438086390495,0.01973107811063528,0.015869032591581345
192.0,0.015068404376506805,0.011773603036999702,0.02742009237408638,0.018316349480301142,0.014857888827100397
193.0,0.01411467045545578,0.010886142961680889,0.025597695261240005,0.01287218313664198,0.010550641932059079
194.0,0.021439779549837112,0.01410359051078558,0.036189258098602295,0.014538096496835351,0.011197145958431066
195.0,0.014464535750448704,0.00929707195609808,0.024332428351044655,0.01292193615809083,0.009439105715136975
196.0,0.023638365790247917,0.012095129117369652,0.03642911836504936,0.015160613413900136,0.010459184821229428
197.0,0.01834491826593876,0.010055327787995338,0.029032716527581215,0.014281031582504511,0.00859395817387849
198.0,0.019815556704998016,0.024521537125110626,0.04514492303133011,0.019131931476294994,0.016348879388533532
199.0,0.015033118426799774,0.03442661091685295,0.05031443387269974,0.013528111204504967,0.012051747762598097
200.0,0.018758654594421387,0.030685795471072197,0.05018283799290657,0.016361403511837125,0.01175568753387779
201.0,0.01881585642695427,0.012312916107475758,0.03178601339459419,0.030971593223512173,0.016500460635870694
202.0,0.012705165892839432,0.010005449876189232,0.02339150570333004,0.015598465036600829,0.012334897357504815
203.0,0.01254851184785366,0.009566078893840313,0.02277502603828907,0.014216149086132645,0.010923891956917942
204.0,0.016698312014341354,0.014036253094673157,0.03142852336168289,0.01303636198863387,0.0066710533457808195
205.0,0.012384755536913872,0.008589506149291992,0.021590271964669228,0.013374226028099656,0.009774285031016915
206.0,0.013112763874232769,0.007614198140799999,0.02132565900683403,0.012270805006846786,0.0076106454012915496
207.0,0.012981156818568707,0.0075654336251318455,0.02113117091357708,0.011983500281348824,0.00737680901074782
208.0,0.013681044802069664,0.008049420081079006,0.02234463207423687,0.01211164598353207,0.008353858476039023
209.0,0.016554059460759163,0.011943486519157887,0.029112480580806732,0.012521615345031023,0.007264988834504038
210.0,0.01484335120767355,0.010841025970876217,0.02627631090581417,0.013455868931487203,0.007373598241247237
211.0,0.015843544155359268,0.010750751942396164,0.02722005546092987,0.012362345959991217,0.007842176198028027
212.0,0.02061307057738304,0.011153122410178185,0.03245044872164726,0.016290676826611162,0.006243715365417302
213.0,0.012592327781021595,0.011392403393983841,0.02453083172440529,0.01644547446630895,0.014072143414523453
214.0,0.012994685210287571,0.010889049619436264,0.024438299238681793,0.01637725280597806,0.013497131480835377
215.0,0.01332730334252119,0.011693623848259449,0.025564169511198997,0.017750793229788543,0.014892696775496006
216.0,0.019552310928702354,0.01113893836736679,0.03136056289076805,0.017426321376115085,0.005718127160798758
217.0,0.01285523921251297,0.01203471701592207,0.02542569860816002,0.016775753069669008,0.016096280165947975
218.0,0.018952947109937668,0.009133381769061089,0.028719060122966766,0.014495656453073024,0.006670307647436857
219.0,0.012988591566681862,0.011194087564945221,0.02471092902123928,0.0171132346149534,0.01391107093077153
220.0,0.01599632389843464,0.012284436263144016,0.02881101705133915,0.020857431832700966,0.01599053661338985
221.0,0.014888414181768894,0.012517081573605537,0.027929313480854034,0.021389313507825136,0.016427486552856863
222.0,0.018212957307696342,0.013689033687114716,0.03253159299492836,0.012436493020504712,0.00866092451615259
223.0,0.013463844545185566,0.01238137949258089,0.026354417204856873,0.01916627734899521,0.014652251894585789
224.0,0.020500311627984047,0.01294942107051611,0.034079961478710175,0.014346404233947396,0.007313518121372908
225.0,0.013888906687498093,0.011608446948230267,0.025995556265115738,0.01815260425209999,0.011561837559565902
226.0,0.013860469684004784,0.010277359746396542,0.02468872256577015,0.017244079522788523,0.011100095824804156
227.0,0.01585480384528637,0.01609835959970951,0.03250250592827797,0.016583039052784444,0.008684513904154301
228.0,0.012515496462583542,0.011969715356826782,0.024995816871523857,0.01873398870229721,0.015261759934946894
229.0,0.01345035620033741,0.011075888760387897,0.02504662610590458,0.012548174522817136,0.012401492812205105
230.0,0.011753279715776443,0.01065871398895979,0.022954527288675308,0.015114912251010536,0.012708853790536523
231.0,0.013788318261504173,0.010373321361839771,0.02471727505326271,0.015405931370332837,0.011279414454475046
232.0,0.013396206311881542,0.009465087205171585,0.023450534790754318,0.012547243246808648,0.01222012509824708
233.0,0.015403390862047672,0.011480040848255157,0.02742672525346279,0.018990482855588197,0.013487014465499669
234.0,0.013522973284125328,0.01001608744263649,0.02406352013349533,0.015942851174622776,0.010949411988258361
235.0,0.020349889993667603,0.02065173350274563,0.041536808013916016,0.02057386739179492,0.010283696104306728
236.0,0.013209092430770397,0.009453496895730495,0.023225625976920128,0.013890834618359804,0.00983929909998551
237.0,0.019635075703263283,0.006505532655864954,0.026759380474686623,0.014305379893630742,0.00870602804934606
238.0,0.014465647749602795,0.010139168240129948,0.02516084723174572,0.015088950470089912,0.015864300716202706
239.0,0.015961233526468277,0.00991030503064394,0.026479044929146767,0.012410507211461664,0.009594328433740884
240.0,0.015432431362569332,0.01169070228934288,0.027614619582891464,0.016195433121174573,0.011132011387962848
241.0,0.012857633642852306,0.008340448141098022,0.02176593989133835,0.012850800808519126,0.009851349983364344
242.0,0.016316628083586693,0.0197173822671175,0.03654254600405693,0.011949195619672537,0.006595338101033121
243.0,0.014824533835053444,0.009589552879333496,0.024961646646261215,0.015009976318106055,0.01008748768363148
244.0,0.01562722586095333,0.0117705212906003,0.027897806838154793,0.019114255905151367,0.012738274072762578
245.0,0.014598090201616287,0.008505204692482948,0.02362450212240219,0.017652645334601404,0.011793278786353768
246.0,0.016751369461417198,0.020911308005452156,0.038277797400951385,0.014765752153471113,0.005995073984377086
247.0,0.012614211067557335,0.011865801177918911,0.025002939626574516,0.01717467764392495,0.01474254538770765
248.0,0.012279885821044445,0.008916651830077171,0.021761499345302582,0.014432317717000842,0.009103585034608841
249.0,0.014618759043514729,0.010312030091881752,0.02550598792731762,0.017165015172213315,0.012201777345035225
250.0,0.012295068241655827,0.00920749269425869,0.02206924930214882,0.011371541302651167,0.009703583363443614
251.0,0.011916739866137505,0.009735369123518467,0.022242330014705658,0.01229787217453122,0.0106747776735574
252.0,0.014850313775241375,0.006680576596409082,0.022117257118225098,0.012883325293660163,0.007634477666579187
253.0,0.011819716542959213,0.009809315204620361,0.022115305066108704,0.013375450111925601,0.008590976684354245
254.0,0.011191487312316895,0.009770339354872704,0.02148863673210144,0.012204949418082834,0.00953954984433949
255.0,0.01572452113032341,0.017906777560710907,0.034153085201978683,0.014493516832590102,0.010115652182139456
256.0,0.017610281705856323,0.009057629853487015,0.02732386626303196,0.011179945757612586,0.005927964835427702
257.0,0.012040258385241032,0.008890199474990368,0.021408431231975555,0.012250942550599575,0.009601386019494385
258.0,0.01181950606405735,0.009287932887673378,0.021565914154052734,0.013197875535115599,0.008075045177247376
259.0,0.018220897763967514,0.010615655221045017,0.029421323910355568,0.014075459633022546,0.01258275677682832
260.0,0.0120704285800457,0.007216412574052811,0.019802208989858627,0.011764699872583152,0.007814853987656533
261.0,0.012503155507147312,0.00859289150685072,0.021617431193590164,0.013159917248412967,0.007911273604258895
262.0,0.012893968261778355,0.01019236072897911,0.02358356863260269,0.019072449952363967,0.010374243464320898
263.0,0.009754174388945103,0.009428393095731735,0.01966005191206932,0.01234692526049912,0.009724903188180178
264.0,0.019493209198117256,0.01139209233224392,0.03136282041668892,0.020032327249646188,0.010742001212202012
265.0,0.01077545341104269,0.009369411505758762,0.02065320871770382,0.010517488699406385,0.006764471973292529
266.0,0.014167951419949532,0.007187236566096544,0.021881233900785446,0.010930729750543832,0.007681945594958961
267.0,0.010924702510237694,0.009769812226295471,0.021176403388381004,0.012808844819664955,0.009807050204835832
268.0,0.012361716479063034,0.007750372402369976,0.020631635561585426,0.010619579628109933,0.007664071163162589
269.0,0.011600634083151817,0.008939269930124283,0.020989131182432175,0.016973713366314768,0.00875043689738959
270.0,0.011995848268270493,0.010600528679788113,0.023114502429962158,0.014009015308693052,0.01293353051878512
271.0,0.011150042526423931,0.010502391494810581,0.022119242697954178,0.014607446361333131,0.01247003892203793
272.0,0.014013851061463356,0.00972683820873499,0.02423819899559021,0.01319513781927526,0.009891820000484585
273.0,0.012189218774437904,0.010604950599372387,0.023354630917310715,0.010775251453742385,0.010431771585717797
274.0,0.01199755072593689,0.011177878826856613,0.023711955174803734,0.01165874395519495,0.008682616776786745
275.0,0.010244193486869335,0.007374517619609833,0.01811925694346428,0.011325340159237385,0.007598760258406401
276.0,0.015161983668804169,0.009897841140627861,0.025556789711117744,0.015246079303324223,0.006338030623737723
277.0,0.012541590258479118,0.009833441115915775,0.022868769243359566,0.009938725968822837,0.007496951066423207
278.0,0.011562127619981766,0.010782454162836075,0.022857937961816788,0.013989513926208019,0.013747816649265587
279.0,0.011157440952956676,0.008835820481181145,0.020472299307584763,0.012689324002712965,0.008877697633579373
280.0,0.009467503055930138,0.009100363589823246,0.019026510417461395,0.013261399464681745,0.010181186895351857
281.0,0.19011923670768738,0.29098644852638245,0.48733940720558167,0.18529132530093192,0.29141047298908235
282.0,0.1892402023077011,0.28895846009254456,0.47991323471069336,0.1846025861799717,0.2896877586841583
283.0,0.18911868333816528,0.28812816739082336,0.4790996015071869,0.1840470999479294,0.28890146166086195
284.0,0.1658993810415268,0.22039534151554108,0.39017772674560547,0.1918167546391487,0.31645828634500506
285.0,0.16511985659599304,0.18247176706790924,0.35104045271873474,0.2617300719022751,0.38012913167476653
286.0,0.21503755450248718,0.31984543800354004,0.538013756275177,0.1705085478723049,0.2538304336369038
287.0,0.0681588426232338,0.07521353662014008,0.14478346705436707,0.08274283073842525,0.09616342261433601
288.0,0.03506985679268837,0.02163519524037838,0.05862940475344658,0.04115064274519682,0.03088425761088729
289.0,0.03427037596702576,0.02718977816402912,0.06332600861787796,0.036566374637186524,0.03131625149399042
290.0,0.0819651260972023,0.10841218382120132,0.1920846849679947,0.12014315091073513,0.1766886491328478
291.0,0.021397536620497704,0.016899732872843742,0.04029161483049393,0.02375047504901886,0.015390847297385334
292.0,0.036861635744571686,0.05862634629011154,0.09741759300231934,0.033951370418071745,0.03366159088909626
293.0,0.031206665560603142,0.04875917732715607,0.08216707408428192,0.028314602561295033,0.017529568495228888
294.0,0.019306637346744537,0.020695721730589867,0.04216533526778221,0.023931556101888418,0.012749552843160927
295.0,0.029218357056379318,0.05312926322221756,0.08455115556716919,0.037038690969347955,0.023730245558544992
296.0,0.04136735945940018,0.028090575709939003,0.07175920158624649,0.040885174088180064,0.04351554103195667
297.0,0.047911010682582855,0.0410754568874836,0.09135855734348297,0.03799006082117558,0.020104702468961476
298.0,0.07802216708660126,0.1123427152633667,0.19270071387290955,0.04308380521833897,0.06602670755237341
299.0,0.02077210694551468,0.02957838959991932,0.052615948021411896,0.019649779703468085,0.019923573173582555
300.0,0.01824137568473816,0.015879739075899124,0.03613584488630295,0.02682549636811018,0.01658553695306182
301.0,0.015984511002898216,0.02489502541720867,0.04302448779344559,0.030467893555760385,0.017886602587532253
302.0,0.03758547082543373,0.0402303971350193,0.07976550608873367,0.024267279915511607,0.02136555085889995
303.0,0.019781865179538727,0.02944180741906166,0.051103610545396805,0.03557328712195158,0.026675463328137992
304.0,0.025787515565752983,0.03335600346326828,0.060863934457302094,0.027710947208106518,0.021376755414530636
305.0,0.01784450188279152,0.01604277826845646,0.03563103824853897,0.0209691840223968,0.008266151277348399
306.0,0.044189102947711945,0.05809466168284416,0.10376594960689545,0.01821402395144105,0.03170721372589469
307.0,0.023671995848417282,0.02974160574376583,0.054926369339227676,0.017945926543325184,0.02816830202937126
308.0,0.016311708837747574,0.020787551999092102,0.038764458149671555,0.02205354403704405,0.013994421157985926
309.0,0.06852949410676956,0.10009537637233734,0.1700403392314911,0.04028420988470316,0.044840829260647294
310.0,0.017893992364406586,0.024689264595508575,0.04427541047334671,0.016791313886642456,0.009458223450928926
311.0,0.031434327363967896,0.03642801195383072,0.06938520073890686,0.021218728087842465,0.012654699478298425
312.0,0.016786163672804832,0.014515451155602932,0.033054500818252563,0.01767068328335881,0.00864220825023949
313.0,0.03275853022933006,0.03114284947514534,0.06550400704145432,0.030571668688207865,0.0354358977638185
314.0,0.022812066599726677,0.017868047580122948,0.04222407564520836,0.034566731192171574,0.017413435317575932
315.0,0.035882264375686646,0.050625089555978775,0.0882033035159111,0.01993379294872284,0.011468036915175617
316.0,0.01779179461300373,0.018274230882525444,0.037512991577386856,0.016769595537334682,0.009538228111341595
317.0,0.018192995339632034,0.016455477103590965,0.03612968325614929,0.02231524819508195,0.011850163294002413
318.0,0.01922578737139702,0.030615398660302162,0.05133964493870735,0.016611930169165134,0.011916072061285376
319.0,0.016384650021791458,0.016719060018658638,0.034495484083890915,0.017575045116245747,0.011137967510148884
320.0,0.020071307197213173,0.016575166955590248,0.03809254616498947,0.017781397607177497,0.00887553922366351
321.0,0.029221534729003906,0.025890249758958817,0.05652720481157303,0.028623493015766145,0.021556293684989215
322.0,0.024127425625920296,0.016433121636509895,0.04195503517985344,0.03390902448445558,0.028113520331680776
323.0,0.021139103919267654,0.02374384179711342,0.046288155019283295,0.0165865242946893,0.008754616091027855
324.0,0.02810402773320675,0.02476845681667328,0.05419261381030083,0.033103679213672875,0.020901830913499
325.0,0.015694227069616318,0.019227437674999237,0.03624200075864792,0.014536965359002351,0.01015915519092232
326.0,0.023972738534212112,0.02397773414850235,0.04924767464399338,0.02049530139192939,0.016735309455543756
327.0,0.016568873077630997,0.025993896648287773,0.0438825860619545,0.01805808050557971,0.013946330500766635
328.0,0.023324334993958473,0.03790419548749924,0.06255266815423965,0.01436954429373145,0.008607095130719245
329.0,0.01787823624908924,0.03129003942012787,0.05049311742186546,0.01642968915402889,0.007869478059001267
330.0,0.021183455362915993,0.034739796072244644,0.0572604201734066,0.01397793972864747,0.008842993737198412
331.0,0.028568090870976448,0.034787993878126144,0.0646650493144989,0.013096250500530005,0.008603925071656703
332.0,0.021192997694015503,0.031856685876846313,0.05431042239069939,0.015258872089907527,0.013927662163041532
333.0,0.026056451722979546,0.03789876028895378,0.06522000581026077,0.015922051202505828,0.010149718122556805
334.0,0.022292254492640495,0.026523075997829437,0.05001154541969299,0.017443787772208452,0.012617018888704479
335.0,0.0177291389554739,0.018563326448202133,0.03741365298628807,0.016824065521359444,0.010299365734681487
336.0,0.025202853605151176,0.027839351445436478,0.0542411170899868,0.019153383560478687,0.01615122000221163
337.0,0.02364516630768776,0.02696186862885952,0.0518152080476284,0.023613278195261954,0.01597749348729849
338.0,0.021796653047204018,0.0327792726457119,0.05574849247932434,0.014166552852839232,0.008753834944218396
339.0,0.01433578785508871,0.016295788809657097,0.03177865594625473,0.020169264543801545,0.01892563421279192
340.0,0.01581646129488945,0.019749553874135017,0.036690905690193176,0.014217495825141669,0.0077716028317809105
341.0,0.01615971140563488,0.019764302298426628,0.0370744988322258,0.01653545768931508,0.013892804132774472
342.0,0.027696790173649788,0.0494745671749115,0.07829193025827408,0.017028137762099504,0.012224368657916785
343.0,0.030213167890906334,0.03864562511444092,0.06983116269111633,0.020623054541647434,0.01629810011945665
344.0,0.015798456966876984,0.017684603109955788,0.03471016883850098,0.015763147035613656,0.009715883154422044
345.0,0.01662091538310051,0.015750722959637642,0.033598002046346664,0.022958588041365146,0.01625937791541219
346.0,0.024006731808185577,0.03894827887415886,0.06407865881919861,0.0166080669965595,0.01803504389245063
347.0,0.016446495428681374,0.03131009638309479,0.04889094829559326,0.01663737134076655,0.007544686459004879
348.0,0.02827022224664688,0.030162280425429344,0.059551071375608444,0.023361240047961473,0.009642018610611558
349.0,0.02112470753490925,0.02500865049660206,0.047092504799366,0.0264570739120245,0.036267556622624396
350.0,0.03230833262205124,0.04388849809765816,0.07708943635225296,0.01589696924202144,0.009588775876909494
351.0,0.015183157287538052,0.022448312491178513,0.0386202372610569,0.015492568723857403,0.014836737723089754
352.0,0.020348194986581802,0.04307405278086662,0.06443548947572708,0.012138137081637978,0.007023415993899107
353.0,0.02897990308701992,0.04968027397990227,0.07966458052396774,0.028771287761628628,0.011158301588147878
354.0,0.029871022328734398,0.03229626640677452,0.06298833340406418,0.015996006736531853,0.01725362699944526
355.0,0.022186895832419395,0.03879668936133385,0.061984457075595856,0.01595717347227037,0.011577551206573843
356.0,0.01659405045211315,0.019808614626526833,0.03724954277276993,0.02876530457288027,0.030947121605277062
357.0,0.017624875530600548,0.020891809836030006,0.039442308247089386,0.013322548801079392,0.007993209140840918
358.0,0.022747747600078583,0.015568055212497711,0.03916317969560623,0.02689375290647149,0.028827931778505445
359.0,0.018043432384729385,0.02907048724591732,0.04798991233110428,0.014217036170884967,0.007869215193204581
360.0,0.01755724661052227,0.034039583057165146,0.05251367762684822,0.019634432252496482,0.014897306100465357
361.0,0.015590517781674862,0.022706681862473488,0.03919636085629463,0.012899210629984736,0.007477163034491241
362.0,0.027042724192142487,0.03258219733834267,0.060428354889154434,0.04654213804751635,0.038261351687833664
363.0,0.024070333689451218,0.03034183382987976,0.05536257475614548,0.016974810604006053,0.010047796531580389
364.0,0.01529009360820055,0.016756627708673477,0.032916679978370667,0.013775213714689016,0.009066829271614552
365.0,0.016365420073270798,0.014643139205873013,0.031859830021858215,0.016887269774451853,0.015338724455796182
366.0,0.02070053294301033,0.04004507511854172,0.06167623773217201,0.016805858444422485,0.009168395586311818
367.0,0.021880196407437325,0.02610165625810623,0.04880670830607414,0.0223209822550416,0.020238785818219186
368.0,0.019942082464694977,0.025892511010169983,0.046660564839839935,0.02071574628353119,0.02137187314219773
369.0,0.01830814965069294,0.020694026723504066,0.03994007781147957,0.01503595863468945,0.010010832478292287
370.0,0.01764236018061638,0.013991567306220531,0.0324629582464695,0.023854359798133374,0.046040466707199815
371.0,0.020818844437599182,0.013342543505132198,0.03498128056526184,0.02362651415169239,0.02690882356837392
372.0,0.020680414512753487,0.03692284971475601,0.058514222502708435,0.013827228220179677,0.007051823649089783
373.0,0.017504718154668808,0.028001748025417328,0.046396661549806595,0.014810820203274488,0.006908716296311468
374.0,0.028506986796855927,0.04138348624110222,0.07066794484853745,0.03930687103420496,0.03188702198676765
375.0,0.029162781313061714,0.03173593431711197,0.061634354293346405,0.018286380264908076,0.012414972065016627
376.0,0.018936922773718834,0.02813960798084736,0.047944314777851105,0.013751634489744901,0.0091774141183123
377.0,0.019971707835793495,0.03586136922240257,0.05665787309408188,0.018242911994457246,0.00955124308820814
378.0,0.01605290174484253,0.016403457149863243,0.03321756795048714,0.030487548746168613,0.019665103731676938
379.0,0.01809818483889103,0.03242556378245354,0.05134079232811928,0.01805205540731549,0.014716982748359442
380.0,0.02401682920753956,0.04071600362658501,0.06544850766658783,0.026278856489807368,0.011966995801776648
381.0,0.01657269336283207,0.026594141498208046,0.04399688541889191,0.011825586203485727,0.007279858645051718
382.0,0.014723955653607845,0.02106868475675583,0.03661735728383064,0.01225002589635551,0.007657124032266438
383.0,0.016565978527069092,0.016180148348212242,0.03354979678988457,0.01225268323905766,0.007258822198491543
384.0,0.013895640149712563,0.022355081513524055,0.03705253824591637,0.015028507122769952,0.008118887653108687
385.0,0.014914030209183693,0.025582080706954002,0.04131123423576355,0.015232502156868577,0.011218514118809253
386.0,0.018255071714520454,0.033079907298088074,0.05214787647128105,0.013530254969373346,0.008677317155525088
387.0,0.018943263217806816,0.024984192103147507,0.04475141689181328,0.012661663210019469,0.007985815010033547
388.0,0.01671489141881466,0.013604539446532726,0.031057044863700867,0.018246754165738822,0.016172087285667658
389.0,0.014954992569983006,0.012364281341433525,0.028080962598323822,0.015648366464301944,0.019517872482538223
390.0,0.013437301851809025,0.01473954226821661,0.028952863067388535,0.012080498971045017,0.007432890706695616
391.0,0.0150145273655653,0.015985900536179543,0.03180054575204849,0.01632114751264453,0.008951558941043913
392.0,0.014387991279363632,0.013586507178843021,0.02869403548538685,0.014960263343527912,0.011209392081946134
393.0,0.023501643911004066,0.031309593468904495,0.055501654744148254,0.02920973189175129,0.026753093162551523
394.0,0.015583975240588188,0.017117511481046677,0.033471494913101196,0.015695592993870376,0.014579541282728314
395.0,0.01619846373796463,0.02028707042336464,0.03728332370519638,0.01398409497924149,0.010081461281515658
396.0,0.022293338552117348,0.04261476919054985,0.06569187343120575,0.014768218481913209,0.015152738150209188
397.0,0.0156090147793293,0.022468458861112595,0.03882080316543579,0.013133765617385506,0.01052222668658942
398.0,0.01888745091855526,0.025375960394740105,0.04502423480153084,0.013482203194871544,0.00690191222820431
399.0,0.01918886788189411,0.032607533037662506,0.05245977267622948,0.023866595420986413,0.010257763625122606
400.0,0.018394174054265022,0.02827971987426281,0.04742737114429474,0.014547854755073785,0.014408518560230732
401.0,0.015056976117193699,0.026045193895697594,0.041837070137262344,0.013099024817347527,0.0082021385547705
402.0,0.031193891540169716,0.05606353282928467,0.08801879733800888,0.019491510558873416,0.017437112401239574
403.0,0.017109982669353485,0.019397445023059845,0.0372297503054142,0.01414657342247665,0.010160288331098855
404.0,0.029601119458675385,0.04937531426548958,0.07969900220632553,0.0236507011577487,0.025320626655593516
405.0,0.02253187634050846,0.027193989604711533,0.05044366046786308,0.012914961762726307,0.009489288739860057
406.0,0.01745992712676525,0.013421997427940369,0.031542859971523285,0.015009765373542905,0.009686966729350387
407.0,0.018411168828606606,0.027892692014575005,0.04699935391545296,0.015144891757518052,0.008972734189592301
408.0,0.0251015555113554,0.04697957634925842,0.07279855012893677,0.02159946309402585,0.013866180903278291
409.0,0.02014046721160412,0.03999946638941765,0.06087600067257881,0.01848533609881997,0.01910555271897465
410.0,0.013634881936013699,0.012661004438996315,0.02699405327439308,0.018494258727878334,0.01621686024591327
411.0,0.021021900698542595,0.04133849963545799,0.0630774274468422,0.012672180589288474,0.01034429098945111
412.0,0.019032498821616173,0.02635066770017147,0.04607522115111351,0.01445690174587071,0.008976589539088309
413.0,0.016477014869451523,0.0174754336476326,0.034582410007715225,0.02584618581458926,0.011499031097628176
414.0,0.018518630415201187,0.01185312308371067,0.03099360689520836,0.015228022495284677,0.015520337782800198
415.0,0.018630383536219597,0.03412464261054993,0.053463164716959,0.013982928358018398,0.007374836481176317
416.0,0.015438023023307323,0.022259289398789406,0.0383433923125267,0.01265045809559524,0.007299503136891872
417.0,0.026188157498836517,0.021487930789589882,0.04825793206691742,0.016188736027106642,0.01634963108226657
418.0,0.015503509901463985,0.025647079572081566,0.04185162112116814,0.01463122027926147,0.010389087721705437
419.0,0.01521872729063034,0.024854334071278572,0.04077142849564552,0.013878279412165285,0.008301429019775241
420.0,0.022410733625292778,0.04221586138010025,0.06539278477430344,0.01825947593897581,0.018188425432890655
421.0,0.014897551387548447,0.01791379041969776,0.03350767865777016,0.011587948724627494,0.006607728777453303
422.0,0.024231547489762306,0.039011962711811066,0.0639752596616745,0.017993997782468796,0.01137405636254698
423.0,0.01979362964630127,0.036949194967746735,0.057469334453344345,0.01310804313980043,0.006280404061544687
424.0,0.019420430064201355,0.039411067962646484,0.059556994587183,0.012999262195080519,0.008597250166349112
425.0,0.013474605046212673,0.01043574046343565,0.02455504983663559,0.01629941645078361,0.014027813938446343
426.0,0.030044661834836006,0.04974081367254257,0.08062979578971863,0.02772262180224061,0.02746280455030501
427.0,0.033709824085235596,0.047510694712400436,0.08188939839601517,0.015044138114899398,0.007930342853069306
428.0,0.02220401167869568,0.030214741826057434,0.05311886593699455,0.015663226833567023,0.014904248341917992
429.0,0.023056043311953545,0.02922908402979374,0.0529269315302372,0.017394251376390456,0.00868288443889469
430.0,0.019952038303017616,0.021491453051567078,0.04209306091070175,0.013865524996072054,0.011145296692848205
431.0,0.013059178367257118,0.01322830282151699,0.026986772194504738,0.013626761408522725,0.006434880057349801
432.0,0.016453657299280167,0.020243654027581215,0.037386517971754074,0.011689208913594484,0.006848344882018864
433.0,0.014892700128257275,0.011836589314043522,0.027407726272940636,0.013409470580518246,0.008594211959280073
434.0,0.029469383880496025,0.025001654401421547,0.05505646765232086,0.03917558081448078,0.024546318082138897
435.0,0.01785862259566784,0.011584057472646236,0.030119558796286583,0.015082955127581954,0.012276497739367186
436.0,0.024116039276123047,0.045891862362623215,0.07069247215986252,0.024238981399685146,0.013913655909709633
437.0,0.014115625061094761,0.022552667185664177,0.037403762340545654,0.012128669349476696,0.007299794349819422
438.0,0.014660457149147987,0.029141679406166077,0.04452495649456978,0.011770417913794518,0.006880463694687933
439.0,0.014309024438261986,0.02751655876636505,0.042529523372650146,0.012444954970851541,0.006570278003346175
440.0,0.015306376852095127,0.02683662809431553,0.04284631833434105,0.010708237951621413,0.006609506451059133
441.0,0.013822066597640514,0.02470189705491066,0.03924116492271423,0.011677745869383216,0.007021116069518029
442.0,0.015797603875398636,0.041512928903102875,0.057974107563495636,0.020203741453588008,0.015320839267224074
443.0,0.029424592852592468,0.06523759663105011,0.09539251774549484,0.02063495311886072,0.037906439416110514
444.0,0.015554666519165039,0.027303578332066536,0.043597180396318436,0.012569724628701807,0.0062804685439914465
445.0,0.023072123527526855,0.0336400605738163,0.05734333395957947,0.016752467071637512,0.012765406584367155
446.0,0.016843175515532494,0.029994770884513855,0.04755210876464844,0.01157921371050179,0.007558388821780682
447.0,0.014233546331524849,0.024118851870298386,0.03905359283089638,0.011026772065088153,0.006630670360755176
448.0,0.01299829501658678,0.01616021804511547,0.02981128916144371,0.01294006109237671,0.010287052602507174
449.0,0.017493924126029015,0.019842833280563354,0.038054171949625015,0.016308075748384,0.007703321590088308
450.0,0.015519739128649235,0.010195528157055378,0.026399534195661545,0.013472710410133005,0.009939826792106032
451.0,0.024076970294117928,0.042324475944042206,0.06704878062009811,0.014057323709130288,0.03537712348625064
452.0,0.015806956216692924,0.013400358147919178,0.029930002987384796,0.011374942399561406,0.007739532273262739
453.0,0.01172364316880703,0.01610652171075344,0.02853243798017502,0.01250536274164915,0.007378831156529486
454.0,0.01921599544584751,0.027382368221879005,0.047368671745061874,0.013282313477247953,0.007305821776390076
455.0,0.01650288887321949,0.03228043392300606,0.04953640699386597,0.013603890454396606,0.006085698644164949
456.0,0.029043074697256088,0.039104338735342026,0.06878338754177094,0.02414521761238575,0.021512629778590052
457.0,0.024439919739961624,0.02256053499877453,0.04773470014333725,0.011552564473822713,0.007360467361286283
458.0,0.013576533645391464,0.016500324010849,0.030791545286774635,0.011190887307748199,0.006684749026317149
459.0,0.018960746005177498,0.032727401703596115,0.05240870639681816,0.011590800201520323,0.006152580794878304
460.0,0.029430624097585678,0.062153369188308716,0.09218385815620422,0.019304453767836093,0.022289593052119017
461.0,0.01319467555731535,0.02085280790925026,0.03470025584101677,0.022125376854091883,0.015787769854068757
462.0,0.012687215581536293,0.012058921158313751,0.025381911545991898,0.026168071664869785,0.038002926576882604
463.0,0.01449411828070879,0.019794465973973274,0.03496379405260086,0.019929586350917815,0.020985008962452412
464.0,0.017792796716094017,0.024866754189133644,0.043317630887031555,0.022653898037970067,0.022476666094735264
465.0,0.01429868396371603,0.02303740195930004,0.03806990757584572,0.011782309412956238,0.006093743804376573
466.0,0.02120807208120823,0.033451493829488754,0.055288881063461304,0.013229423249140383,0.015748679009266197
467.0,0.012453468516469002,0.00919610820710659,0.022346902638673782,0.01259605954401195,0.010531053203158081
468.0,0.012970127165317535,0.019779358059167862,0.03349342569708824,0.011687385570257901,0.007641924230847507
469.0,0.011123063042759895,0.010198810137808323,0.022018130868673325,0.013292529759928584,0.011943962541408837
470.0,0.02662733942270279,0.03541301563382149,0.06270755082368851,0.01686935401521623,0.014368430734612048
471.0,0.0320286750793457,0.051374077796936035,0.08411365747451782,0.02030202317982912,0.021864673914387824
472.0,0.019328992813825607,0.03897645324468613,0.05907129868865013,0.013969407929107548,0.009106094855815173
473.0,0.019261637702584267,0.0182265006005764,0.03823124244809151,0.022284127958118915,0.0474826586432755
474.0,0.01422934141010046,0.01552924606949091,0.03050524741411209,0.015715259499847888,0.008162699872627854
475.0,0.014284026809036732,0.02056863158941269,0.03563205897808075,0.011850968701764941,0.007788157230243087
476.0,0.015993766486644745,0.03139226511120796,0.048159338533878326,0.011247411137446761,0.005967720539774746
477.0,0.013678720220923424,0.01958128809928894,0.034017473459243774,0.011015712143853306,0.007127173920162022
478.0,0.018506189808249474,0.014105606824159622,0.033330027014017105,0.011943152965977788,0.010314895678311587
479.0,0.017145980149507523,0.016337567940354347,0.03422653302550316,0.016276006028056143,0.008513884409330786
480.0,0.017316458746790886,0.03776831179857254,0.05585223436355591,0.010633056424558163,0.006248706893529743
481.0,0.013207081705331802,0.020626410841941833,0.034575313329696655,0.010988555243238806,0.006612870667595416
482.0,0.020893335342407227,0.0410458967089653,0.06267105042934418,0.012364603299647569,0.008801303221844137
483.0,0.020385796204209328,0.022358333691954613,0.043453674763441086,0.015352047560736538,0.008717614016495645
484.0,0.014099149964749813,0.01750158704817295,0.032356709241867065,0.011545462114736438,0.005899280891753733
485.0,0.01729533262550831,0.020135601982474327,0.03811662271618843,0.011769070336595178,0.008582299877889454
486.0,0.012631743215024471,0.015879586338996887,0.029229510575532913,0.012445806106552482,0.010885099554434419
487.0,0.011906128376722336,0.014174995943903923,0.02679101563990116,0.01149407378397882,0.006199381605256349
488.0,0.01212187297642231,0.010157901793718338,0.022972438484430313,0.013085847441107034,0.010326143261045218
489.0,0.014744561165571213,0.013087056577205658,0.02855794131755829,0.019398823287338017,0.009528974816203118
490.0,0.012114427983760834,0.010091198608279228,0.022903718054294586,0.01251868107356131,0.010199634055607022
491.0,0.015030515380203724,0.011786486953496933,0.027497421950101852,0.014800721826031805,0.01904262858442962
492.0,0.0163024440407753,0.016746925190091133,0.03374626114964485,0.011131304828450084,0.006638591492082924
493.0,0.01643405482172966,0.011620590463280678,0.028738796710968018,0.016667784238234163,0.015709959715604783
494.0,0.011296195909380913,0.01274100225418806,0.02472410909831524,0.016662012226879595,0.007122765702661127
495.0,0.011650174856185913,0.010298025794327259,0.022621819749474525,0.017147176899015903,0.02407839959487319
496.0,0.013782259076833725,0.017690462991595268,0.03212449327111244,0.015924924379214646,0.013604399166069925
497.0,0.020359978079795837,0.022653430700302124,0.043666381388902664,0.013746161945164204,0.008690372598357499
498.0,0.018822308629751205,0.03094675950706005,0.050414763391017914,0.025401822570711375,0.02301665034610778
499.0,0.02027096226811409,0.030013643205165863,0.05095011368393898,0.04018475413322449,0.046290067862719296
500.0,0.01232976745814085,0.014312866143882275,0.02730630338191986,0.010810364736244082,0.0061238661874085665
501.0,0.020529694855213165,0.017283417284488678,0.038457371294498444,0.015512238955125213,0.021448786137625575
502.0,0.01919601485133171,0.050469741225242615,0.07037457078695297,0.014319144748151302,0.018874243507161735
503.0,0.012465277686715126,0.022117821499705315,0.03525683656334877,0.011216220911592245,0.00738455408718437
504.0,0.010892901569604874,0.009535170160233974,0.021074451506137848,0.015665915701538323,0.01667409131769091
505.0,0.011465273797512054,0.010994804091751575,0.023104939609766006,0.011463365145027637,0.008081240393221379
506.0,0.016934463754296303,0.015265506692230701,0.03278917446732521,0.020231818780303,0.017658388009294868
507.0,0.0190829299390316,0.05106917396187782,0.07086136192083359,0.015833016578108074,0.02017299202270806
508.0,0.01909913308918476,0.05110688507556915,0.07089068740606308,0.01602921700105071,0.020777030568569898
509.0,0.015160864219069481,0.013519441708922386,0.02929980494081974,0.014755577128380538,0.0183543773368001
510.0,0.013474281877279282,0.020148705691099167,0.034283336251974106,0.011228784080594778,0.00671280394308269
511.0,0.015767492353916168,0.018860651180148125,0.035239823162555695,0.01407438819296658,0.016885525383986532
512.0,0.014187059365212917,0.014550725929439068,0.02937827631831169,0.019904198683798315,0.015000475384294987
513.0,0.018338626250624657,0.04901933670043945,0.06802744418382645,0.01625232710503042,0.021869839727878572
514.0,0.013071327470242977,0.015156611800193787,0.02886822260916233,0.019972765911370517,0.008621954778209328
515.0,0.0189199298620224,0.05351385846734047,0.0731118842959404,0.018290461832657458,0.02727295979857445
516.0,0.017091630026698112,0.019201694056391716,0.03693342208862305,0.013502424908801913,0.008199907245580108
517.0,0.01774648390710354,0.04446149617433548,0.06289704144001007,0.0133085866458714,0.016738493484444915
518.0,0.028510086238384247,0.0484980046749115,0.0776255801320076,0.021086580492556094,0.017124902619980276
519.0,0.011643567122519016,0.015369012020528316,0.027682475745677948,0.010180108342319727,0.00834863311611116
520.0,0.014803330413997173,0.017114130780100822,0.03256906196475029,0.013958360068500042,0.013448029616847634
521.0,0.014309433288872242,0.011931492947041988,0.02699664980173111,0.014589243847876788,0.011309860390610993
522.0,0.017016246914863586,0.01314455270767212,0.03086163103580475,0.014459546096622944,0.01653061299584806
523.0,0.017923658713698387,0.04860379546880722,0.06722928583621979,0.0133648709859699,0.018589551188051702
524.0,0.015400252304971218,0.014952347613871098,0.03106408193707466,0.013804318848997355,0.01222758018411696
525.0,0.013211486861109734,0.01367436908185482,0.027574572712183,0.017962092254310846,0.008780050603672863
526.0,0.016420289874076843,0.045265957713127136,0.06242267042398453,0.01417047125287354,0.02250797930173576
527.0,0.019342465326189995,0.040070291608572006,0.060113124549388885,0.011834663432091474,0.006168080633506179
528.0,0.0191467497497797,0.05011151358485222,0.06998001039028168,0.016891528852283955,0.026616170769557357
529.0,0.02101246267557144,0.016812467947602272,0.038560520857572556,0.011339060449972748,0.008341736230067908
530.0,0.012730039656162262,0.012671347707509995,0.026211900636553764,0.013282181369140745,0.00928007741458714
531.0,0.01820940338075161,0.04555286467075348,0.06454136222600937,0.010849272459745407,0.009723721095360816
532.0,0.01273528765887022,0.012466652318835258,0.025957729667425156,0.014399267407134176,0.011646052496507764
533.0,0.016567308455705643,0.04363718256354332,0.060985952615737915,0.010538237122818827,0.008193194156046957
534.0,0.020405389368534088,0.05496137961745262,0.0761370062828064,0.023790945298969746,0.032602767925709486
535.0,0.01313930843025446,0.01093040406703949,0.02484838105738163,0.0130928763654083,0.00899262954480946
536.0,0.017966482788324356,0.04602065309882164,0.06477813422679901,0.012976995157077908,0.020541693782433867
537.0,0.02569572627544403,0.04770679399371147,0.07412457466125488,0.01236609830521047,0.009773593384306879
538.0,0.018539339303970337,0.033985767513513565,0.053286369889974594,0.009984024474397302,0.0070948318345472215
539.0,0.03112722933292389,0.03595900163054466,0.0677846148610115,0.029021259490400554,0.01716302605345845
540.0,0.028123825788497925,0.06491018086671829,0.09375175833702087,0.01794554740190506,0.031646511936560276
541.0,0.010702010244131088,0.01192212849855423,0.023401712998747826,0.014625786431133747,0.01316570732742548
542.0,0.011049740016460419,0.011470903642475605,0.023331070318818092,0.014080131379887461,0.011517355660907924
543.0,0.01284516416490078,0.010440305806696415,0.024082159623503685,0.012719119107350707,0.0074853852740488945
544.0,0.024055240675807,0.009608200751245022,0.03443734720349312,0.01432417230680585,0.00895461575128138
545.0,0.013949556276202202,0.014475589618086815,0.029087690636515617,0.0172966000624001,0.01342211290029809
546.0,0.013173883780837059,0.010575603693723679,0.02445492334663868,0.017572436667978763,0.015802784264087676
547.0,0.015212468802928925,0.019833624362945557,0.035738978534936905,0.0177233824506402,0.013555566570721567
548.0,0.01853214204311371,0.0070925261825323105,0.026349017396569252,0.015450482675805687,0.006278322299476713
549.0,0.0212732944637537,0.020833054557442665,0.04277902469038963,0.026452376786619426,0.018774642259813845
550.0,0.01989481784403324,0.0061804261058568954,0.026826446875929832,0.014729630807414651,0.007832032977603376
551.0,0.020241964608430862,0.00789473857730627,0.02885499782860279,0.014494823757559061,0.008297746465541423
552.0,0.016498656943440437,0.01036813948303461,0.027568195015192032,0.015107756713405252,0.006513340130914003
553.0,0.015726186335086823,0.0072487639263272285,0.023676836863160133,0.015271486015990376,0.006978363508824259
554.0,0.013090136460959911,0.019082026556134224,0.032889340072870255,0.016072242613881828,0.014128138474188746
555.0,0.013633789494633675,0.011092833243310452,0.025486061349511147,0.017143428325653076,0.006793484464287758
556.0,0.018482213839888573,0.005991517100483179,0.02520434744656086,0.016381028993055224,0.005776359629817307
557.0,0.01473070215433836,0.013600575737655163,0.02901923656463623,0.021516607236117126,0.0167319567874074
558.0,0.022129733115434647,0.04575129225850105,0.0686262771487236,0.02099160701036453,0.02702014958485961
559.0,0.022510306909680367,0.048423122614622116,0.07171710580587387,0.016868992382660507,0.023543196823447944
560.0,0.021337026730179787,0.03556175157427788,0.057650621980428696,0.011646445142105222,0.009059142554178834
561.0,0.026010941714048386,0.027609629556536674,0.05430486053228378,0.023796054907143115,0.014556165365502239
562.0,0.012327631935477257,0.008442595601081848,0.021517526358366013,0.017773462738841773,0.008612152235582472
563.0,0.012667863629758358,0.00978570245206356,0.023192089051008224,0.01888197772204876,0.006889583123847842
564.0,0.013627087697386742,0.005964762531220913,0.02029893547296524,0.01667710435576737,0.005568833311554044
565.0,0.01602168008685112,0.00878689344972372,0.025493929162621498,0.01559289121069014,0.005662290507461876
566.0,0.014973814599215984,0.00920538417994976,0.02489030547440052,0.016204868303611876,0.015902812988497318
567.0,0.021689318120479584,0.009248986840248108,0.03162889927625656,0.017192949913442133,0.005896866309922188
568.0,0.017877668142318726,0.027056610211730003,0.04559565335512161,0.011552192782983185,0.006541920755989849
569.0,0.020150789991021156,0.00723551120609045,0.028053104877471924,0.017211961140856148,0.0072767567355185745
570.0,0.0172658059746027,0.011658984236419201,0.02956804260611534,0.015455291932448744,0.005948859674390405
571.0,0.01725119538605213,0.011156400665640831,0.029009193181991577,0.015173586551100016,0.007892511610407382
572.0,0.020188549533486366,0.013501613400876522,0.03434344753623009,0.016309520229697227,0.008250533777754754
573.0,0.012396199628710747,0.012562194839119911,0.025637857615947723,0.018216520827263594,0.014878157526254654
574.0,0.014694313518702984,0.012260445393621922,0.027609212324023247,0.017634628061205148,0.01100283560808748
575.0,0.02058245800435543,0.008711426518857479,0.029957903549075127,0.014679645281285047,0.005676894565112889
576.0,0.011391670443117619,0.007846755906939507,0.01990015059709549,0.0168298770673573,0.009191666217520832
577.0,0.019022377207875252,0.018860140815377235,0.038528792560100555,0.018082392401993275,0.011304231639951468
578.0,0.019138189032673836,0.01846500113606453,0.038294050842523575,0.01972911022603512,0.012493181903846563
579.0,0.011708881705999374,0.012172634713351727,0.024574900045990944,0.021197096817195414,0.015297092241235077
580.0,0.01887085661292076,0.0171008612960577,0.036632753908634186,0.02162166740745306,0.014545623678714037
581.0,0.012812917120754719,0.006389673799276352,0.019871754571795464,0.013761584414169192,0.006917275907471776
582.0,0.027497414499521255,0.009376863949000835,0.03741932660341263,0.022196936886757612,0.006612778129056096
583.0,0.016377506777644157,0.011345326900482178,0.02836109697818756,0.0120063500944525,0.007971579825971275
584.0,0.010991738177835941,0.007479758933186531,0.019091563299298286,0.014939135871827602,0.008884971810039133
585.0,0.011624892242252827,0.008530098013579845,0.020773494616150856,0.014271300751715899,0.009079294407274573
586.0,0.010794755071401596,0.010393532924354076,0.02181442454457283,0.018461927864700557,0.01456757269334048
587.0,0.012764806859195232,0.008320938795804977,0.021716779097914696,0.015190588589757682,0.008521342952735721
588.0,0.010112931951880455,0.005707241594791412,0.016419928520917892,0.018575484864413738,0.007400268060155213
589.0,0.012859965674579144,0.014600175432860851,0.028110342100262642,0.022693411447107792,0.010212382883764803
590.0,0.01681232638657093,0.01623441092669964,0.03365752100944519,0.02364930072799325,0.013068412244319916
591.0,0.011171383783221245,0.01483644638210535,0.026676923036575317,0.01993800261989236,0.01614920438732952
592.0,0.021160157397389412,0.00980923417955637,0.0316266231238842,0.01759228240698576,0.009558616182766854
593.0,0.010201781988143921,0.01037088967859745,0.021176941692829132,0.016280373092740774,0.011781479720957578
594.0,0.009504030458629131,0.00951461773365736,0.019623737782239914,0.015545400930568576,0.0085817766841501
595.0,0.009357648901641369,0.009385563433170319,0.01937239058315754,0.01599943907931447,0.010720004548784346
596.0,0.010875757783651352,0.010500452481210232,0.021964317187666893,0.013653337629511953,0.008716211759019644
597.0,0.011169524863362312,0.008095269091427326,0.019888559356331825,0.009855180559679867,0.008466477319598199
598.0,0.00956624373793602,0.013874436728656292,0.024095509201288223,0.019334008917212486,0.016789417958352714
599.0,0.020578254014253616,0.04988466948270798,0.07106822729110718,0.01586882760748267,0.022371796844527125
600.0,0.0082499198615551,0.009883260354399681,0.018771419301629066,0.012976108025759459,0.011935076850932091
601.0,0.010558242909610271,0.010722021572291851,0.02192169986665249,0.015686554182320834,0.007909821392968298
602.0,0.009400920011103153,0.012373821809887886,0.022428784519433975,0.013103071274235845,0.013057174650020898
603.0,0.011287646368145943,0.01034411508589983,0.02220798097550869,0.019304981082677843,0.012084914604201913
604.0,0.010008355602622032,0.008999221958220005,0.01966112107038498,0.011714800167828799,0.010900176817085595
605.0,0.009168580174446106,0.012069732882082462,0.021882610395550728,0.018572441674768923,0.02165469662286341
606.0,0.007571835536509752,0.009764440357685089,0.018001068383455276,0.011360622243955731,0.011435213522054255
607.0,0.011546616442501545,0.006314625032246113,0.018520360812544823,0.010209853993728757,0.008324987313244492
608.0,0.01158221811056137,0.012580967508256435,0.02474060095846653,0.015075106685981155,0.014678303920663893
609.0,0.00804668664932251,0.010995361022651196,0.019670430570840836,0.012631461303681136,0.011203168297652156
610.0,0.0079190069809556,0.011890871450304985,0.020434454083442688,0.010449772607535124,0.011806013493333012
611.0,0.008590949699282646,0.008528610691428185,0.01774086058139801,0.008928662934340536,0.00993512939894572
612.0,0.017288126051425934,0.009039659053087234,0.026997080072760582,0.013575311936438083,0.0061068754643201825
613.0,0.007851526141166687,0.011452901177108288,0.01994016394019127,0.010362340649589897,0.016480302950367332
614.0,0.008973309770226479,0.006252174731343985,0.015861278399825096,0.007941713090986013,0.00828406298533082
615.0,0.009049734100699425,0.006171767134219408,0.01583576761186123,0.008315892051905393,0.008118207741063088
616.0,0.008542787283658981,0.011412368156015873,0.020580623298883438,0.009856519987806678,0.010545072355307638
617.0,0.009423865005373955,0.00921965017914772,0.019161852076649666,0.010430408269166946,0.010228520166128874
618.0,0.008899448439478874,0.012376252561807632,0.021805932745337486,0.012968125753104687,0.014521894208155573
619.0,0.008638458326458931,0.008014382794499397,0.017187677323818207,0.009522252390161157,0.009497208474203944
620.0,0.009896986186504364,0.00962040014564991,0.02001248113811016,0.009660752257332206,0.009057779260911048
621.0,0.013852457515895367,0.008711662143468857,0.0231246929615736,0.009082002006471157,0.007360113668255508
622.0,0.009985169395804405,0.005992435850203037,0.01654786430299282,0.008449293347075582,0.007856597390491516
623.0,0.011841665022075176,0.006826780270785093,0.01921105943620205,0.009677082812413574,0.007051527046132833
624.0,0.008850475773215294,0.006548469886183739,0.015921281650662422,0.008366632671095432,0.007867209834512324
625.0,0.00893848855048418,0.0065632895566523075,0.016032015904784203,0.008790342812426388,0.00795234104152769
626.0,0.00849613081663847,0.006309474818408489,0.015329783782362938,0.009359520254656672,0.008066834171768279
627.0,0.008440614677965641,0.0065279193222522736,0.01547704916447401,0.009205561503767968,0.00802458708640188
628.0,0.01078205369412899,0.0062897298485040665,0.017629098147153854,0.00991790322586894,0.007386168593075127
629.0,0.01351077202707529,0.008635185658931732,0.02269516885280609,0.012996984226629139,0.00504666204797104
630.0,0.01714995689690113,0.015005389228463173,0.032723184674978256,0.012030495051294565,0.006267022306565196
631.0,0.008351965807378292,0.006512940861284733,0.01538935862481594,0.008648223103955388,0.0075748233939521015
632.0,0.010580151341855526,0.00646627601236105,0.01758330501616001,0.008870610757730902,0.007378518767654896
633.0,0.009303471073508263,0.006378114689141512,0.016197310760617256,0.009713821019977332,0.007081231044139713
634.0,0.011435109190642834,0.006907383445650339,0.01888367347419262,0.009267784003168345,0.005414121190551668
635.0,0.007807789836078882,0.00608198344707489,0.014377724379301071,0.00855570356361568,0.007537722599226982
636.0,0.008309540338814259,0.006022599060088396,0.014819839969277382,0.009224638063460588,0.006874388211872429
637.0,0.008466645143926144,0.005307042505592108,0.01427387073636055,0.009162510791793466,0.008608313801232725
638.0,0.010040375404059887,0.006332650780677795,0.016882644966244698,0.007632120815105736,0.0073633961845189335
639.0,0.00954927783459425,0.005901203490793705,0.015977736562490463,0.009182487963698804,0.007316282403189689
640.0,0.00840060692280531,0.005376993678510189,0.014328223653137684,0.007315794564783573,0.007823180931154639
641.0,0.007989860139787197,0.004410276189446449,0.012896525673568249,0.008179831900633872,0.009011719282716513
642.0,0.008049778640270233,0.00628797197714448,0.014824381098151207,0.007800757815130055,0.007550443790387362
643.0,0.008415422402322292,0.006372583098709583,0.01525839976966381,0.008627868769690395,0.008965436276048422
644.0,0.00860275886952877,0.007640309166163206,0.01673957146704197,0.007360039371997118,0.008142365352250635
645.0,0.008275194093585014,0.005084856878966093,0.013850659132003784,0.007379498984664679,0.008053984504658728
646.0,0.007046234793961048,0.005354603752493858,0.012930206954479218,0.007233314891345799,0.008708577160723508
647.0,0.010601062327623367,0.00717460922896862,0.01830771006643772,0.0076029235264286395,0.007799716189038008
648.0,0.008182723075151443,0.005438541062176228,0.014121085405349731,0.007301220833323896,0.008340109314303845
649.0,0.007636836729943752,0.00685278233140707,0.01496932189911604,0.0068895646603778,0.007406836363952607
650.0,0.009292119182646275,0.004843760281801224,0.014626414515078068,0.007891390938311815,0.0074590825708582996
651.0,0.007827806286513805,0.006516902707517147,0.01483853068202734,0.006697486899793148,0.007958980253897607
652.0,0.006845221854746342,0.00545864412561059,0.012786010280251503,0.007546178903430701,0.009382371115498245
653.0,0.011517622508108616,0.009912318550050259,0.02192460373044014,0.007985961833037436,0.006778921501245349
654.0,0.008243695832788944,0.004683175124228001,0.013399560004472733,0.007177066523581743,0.007146353332791478
655.0,0.009142450988292694,0.004631137941032648,0.014219825156033039,0.008042274648323655,0.007875858270563186
656.0,0.01059696264564991,0.01191643439233303,0.023025939241051674,0.007408817810937762,0.006564850243739784
657.0,0.009095571003854275,0.00628129206597805,0.015883319079875946,0.008616959839127959,0.0051532792393118145
658.0,0.008237031288444996,0.010319936089217663,0.019030416384339333,0.008260795823298394,0.012073988001793623
659.0,0.008846431039273739,0.011183109134435654,0.020476356148719788,0.007693891017697752,0.008905592537485064
660.0,0.008703210391104221,0.007434189785271883,0.016608763486146927,0.008944866666570305,0.006926254008430987
661.0,0.00800092238932848,0.00852444488555193,0.016984032467007637,0.00701491660438478,0.009262945561204106
662.0,0.006606188602745533,0.00484118890017271,0.011927423067390919,0.006642636167816818,0.008326842356473208
663.0,0.01801377348601818,0.0223038662225008,0.04086754471063614,0.012296695122495293,0.004796022281516344
664.0,0.006373649928718805,0.00663255900144577,0.013487293384969234,0.006781668472103775,0.006997624959331006
665.0,0.0063706026412546635,0.007424225565046072,0.014284028671681881,0.008851387351751328,0.004800872469786555
666.0,0.008117036893963814,0.01122187077999115,0.019818592816591263,0.010680016316473483,0.013778384728357195
667.0,0.011608154512941837,0.02112647332251072,0.033208366483449936,0.013112166291102767,0.01133290461730212
668.0,0.008651298470795155,0.010456363670527935,0.019549435004591942,0.0065473697381094095,0.005456816079095006
669.0,0.006513307802379131,0.006063634064048529,0.013038184493780136,0.006395533354952932,0.0067273007007315755
670.0,0.007768434006720781,0.006555943749845028,0.014786720275878906,0.007394654070958495,0.005081416480243206
671.0,0.006991772912442684,0.004352027550339699,0.011773168109357357,0.005703901476226747,0.005070293496828526
672.0,0.009945154190063477,0.0068618375808000565,0.017271697521209717,0.008460989431478083,0.005425763130187988
673.0,0.0058065797202289104,0.008744104765355587,0.015002788044512272,0.005629421281628311,0.004089063219726086
674.0,0.005408678203821182,0.005572721362113953,0.011418098583817482,0.005849660071544349,0.0059024951071478425
675.0,0.008270220831036568,0.004867616109549999,0.013572124764323235,0.0077568917535245415,0.005071770295035094
676.0,0.007851772010326385,0.007527933921664953,0.01581529527902603,0.00827107618097216,0.004835625598207116
677.0,0.005404614843428135,0.006143974605947733,0.012024790979921818,0.006874691741541028,0.006579350691754371
678.0,0.006315222010016441,0.007061266805976629,0.013846275396645069,0.005438257358036935,0.004830333811696619
679.0,0.005534622818231583,0.005113570019602776,0.0111069455742836,0.0075284427963197235,0.006720044231042266
680.0,0.007392839528620243,0.005365701392292976,0.013200640678405762,0.006700072530657053,0.005308696196880192
681.0,0.008287757635116577,0.005943142808973789,0.014630581252276897,0.01297897081822157,0.010908099333755672
682.0,0.007527220994234085,0.00633478257805109,0.01432300265878439,0.006342061446048319,0.00519727187929675
683.0,0.007008132059127092,0.006315953563898802,0.013766626827418804,0.006267631496302784,0.005063834483735263
684.0,0.005385945551097393,0.004358857404440641,0.010197896510362625,0.0077525069238618015,0.008731913298834115
685.0,0.005927251186221838,0.007592410314828157,0.013955057598650455,0.007352144806645811,0.006416355166584254
686.0,0.007948926649987698,0.004098312463611364,0.012530750595033169,0.006369208078831434,0.006317506451159716
687.0,0.012595308013260365,0.003962531220167875,0.016933023929595947,0.011538906069472433,0.005548297893255949
688.0,0.009143626317381859,0.007266933098435402,0.01681353524327278,0.007472254126332701,0.005206606269348412
689.0,0.007737637497484684,0.005251431372016668,0.013413999229669571,0.0074855920393019915,0.005757556878961623
690.0,0.009426882490515709,0.007472245953977108,0.017338575795292854,0.00742266490124166,0.005402984342072159
691.0,0.00799458846449852,0.005204477813094854,0.013591793365776539,0.007885100785642862,0.005030131910461933
692.0,0.00740261422470212,0.004903839901089668,0.01274669449776411,0.009779955307021738,0.006465393456164747
693.0,0.00796660128980875,0.005951193626970053,0.01434925477951765,0.007326157973147928,0.004691814735997469
694.0,0.010191326960921288,0.0046005817130208015,0.015198484063148499,0.012965155579149724,0.005517417890951037
695.0,0.007420338224619627,0.006659734062850475,0.014506920240819454,0.0063401754712685944,0.0052219198201783005
696.0,0.007102395407855511,0.010877607390284538,0.018424972891807556,0.008352258638478816,0.005612365400884301
697.0,0.006021349225193262,0.0048949234187603,0.011362209916114807,0.008647602470591664,0.005643606174271554
698.0,0.006523167714476585,0.0037818222772330046,0.010751298628747463,0.008171952469274402,0.008066325378604234
699.0,0.006240095943212509,0.00548770884051919,0.012165199033915997,0.007844540593214332,0.0060330463922582565
700.0,0.005888247862458229,0.005118419881910086,0.011438229121267796,0.007132444274611771,0.006994944403413683
701.0,0.0066735162399709225,0.004682392347604036,0.011795934289693832,0.006078617135062814,0.005615401885006577
702.0,0.00800328515470028,0.004964125342667103,0.01339704915881157,0.007673376100137829,0.004220660915598274
703.0,0.006408140994608402,0.008137829601764679,0.014999563805758953,0.005549762863665819,0.006519757083151489
704.0,0.006723859813064337,0.0055127921514213085,0.012668468058109283,0.006570996111258864,0.004525283945258707
705.0,0.008205845020711422,0.00610082084313035,0.014734609983861446,0.008086496428586543,0.008418833813630044
706.0,0.005974553059786558,0.005904771853238344,0.012333955615758896,0.006272811884991824,0.005241448839660734
707.0,0.00811679381877184,0.0062597147189080715,0.01481290627270937,0.008972951723262668,0.008423389040399343
708.0,0.006006499286741018,0.004034196957945824,0.010476365685462952,0.007206672034226358,0.007330165745224803
709.0,0.006150183267891407,0.005364944227039814,0.011981090530753136,0.00559853611048311,0.004384023940656334
710.0,0.006078481208533049,0.004421307239681482,0.010925509966909885,0.005442018993198872,0.005018317932263016
711.0,0.006233790423721075,0.003603827441111207,0.010259192436933517,0.005386988958343863,0.004686052317265421
712.0,0.007762031629681587,0.005471129436045885,0.013640136457979679,0.007846446125768125,0.006498027232009917
713.0,0.008686551824212074,0.004980654455721378,0.014086311683058739,0.009791956283152103,0.004453949339222163
714.0,0.004828889854252338,0.003985860385000706,0.009232252836227417,0.004909881507046521,0.0054525120183825495
715.0,0.005883092526346445,0.003770815674215555,0.010060946457087994,0.005881218845024705,0.006330679927486926
716.0,0.005272924900054932,0.004593918565660715,0.010303445160388947,0.0056285210186615585,0.004541704303119331
717.0,0.005868898704648018,0.0037073660641908646,0.00999744888395071,0.005238593462854624,0.004609596845693886
718.0,0.005169945303350687,0.0036803034599870443,0.009281562641263008,0.005061368807218969,0.004447184433229267
719.0,0.00604279525578022,0.0036683473736047745,0.010101685300469398,0.00735627869144082,0.005580768338404596
720.0,0.0049421642906963825,0.003646437544375658,0.009019868448376656,0.004865113971754908,0.005398648872505874
721.0,0.0049191247671842575,0.0036659990437328815,0.009000571444630623,0.00528560378588736,0.004617184330709278
722.0,0.004767653997987509,0.0036825041752308607,0.0088799512013793,0.0050041054142639044,0.004264135903213173
723.0,0.006414726842194796,0.0106272017583251,0.017449920997023582,0.005502557731233537,0.009903139458037913
724.0,0.004529390949755907,0.0034605825785547495,0.008422967977821827,0.005983694014139474,0.00680613579461351
725.0,0.005384576972573996,0.007683044299483299,0.013520794920623302,0.005212228186428547,0.00684721990255639
726.0,0.0051395888440310955,0.004103943705558777,0.009651281870901585,0.005562245100736618,0.004629807325545699
727.0,0.006329261232167482,0.004663466475903988,0.011376505717635155,0.005839952570386231,0.005415174050722271
728.0,0.005390174221247435,0.00417114095762372,0.009943888522684574,0.006025760853663087,0.005066794797312468
729.0,0.005347124300897121,0.003928192425519228,0.009679959155619144,0.005099893035367131,0.004949121095705777
730.0,0.0051657650619745255,0.006124366540461779,0.011701293289661407,0.0050008569844067095,0.004973765055183321
731.0,0.004710800014436245,0.006348562426865101,0.011468078941106796,0.00476905438117683,0.005422478215768934
732.0,0.012622708454728127,0.006947936024516821,0.019940229132771492,0.018463432602584363,0.01047770349541679
733.0,0.005591713357716799,0.004609905183315277,0.01061205007135868,0.006133655714802444,0.005733514996245503
734.0,0.005121433176100254,0.006228088866919279,0.011769402772188187,0.004965658555738628,0.00393836225848645
735.0,0.005067098885774612,0.004054027609527111,0.009566502645611763,0.0049092482775449755,0.006164742424152792
736.0,0.0041788602247834206,0.003959574270993471,0.008554933592677116,0.004480385314673185,0.004536542983260006
737.0,0.0058517432771623135,0.007621622644364834,0.013901516795158386,0.004994262009859085,0.006239760317839682
738.0,0.005198094993829727,0.006194060202687979,0.011814373545348644,0.005879004090093076,0.005757740174885839
739.0,0.004850973375141621,0.003942045383155346,0.009224368259310722,0.00466026971116662,0.005451129446737468
740.0,0.004565697629004717,0.004014449194073677,0.008995944634079933,0.0043494915822520856,0.0047065746039152145
741.0,0.004583210684359074,0.004318063147366047,0.00931970588862896,0.005152778560295701,0.004604373651091009
742.0,0.00616607116535306,0.007895920425653458,0.01447132509201765,0.0062074886169284586,0.009252752352040261
743.0,0.004593657795339823,0.006675276905298233,0.011692820116877556,0.004676973493769765,0.00394467175938189
744.0,0.007701351772993803,0.004344646353274584,0.012472006492316723,0.00617725399788469,0.005391500913538039
745.0,0.005774399731308222,0.0039051168132573366,0.010083378292620182,0.005622327933087945,0.0057511274586431686
746.0,0.00465436652302742,0.004414086230099201,0.009467944502830505,0.004128503811080009,0.005243445932865143
747.0,0.00752721494063735,0.011100889183580875,0.019029974937438965,0.009051880473271013,0.012250279693398624
748.0,0.004530300851911306,0.0036655880976468325,0.008605502545833588,0.0047828026581555605,0.005728326400276274
749.0,0.006346171256154776,0.004332834389060736,0.011258510872721672,0.006336872978135943,0.004311965219676495
750.0,0.005155523773282766,0.0036755583714693785,0.009266596287488937,0.005389829888008535,0.00554194520227611
751.0,0.005128194577991962,0.004151695407927036,0.009678983129560947,0.004747226717881858,0.004580317903310061
752.0,0.004535427317023277,0.004685778636485338,0.009626101702451706,0.004534291406162083,0.005322388338390738
753.0,0.006702720653265715,0.005805137101560831,0.013083644211292267,0.0077898796182125805,0.0067302285926416515
754.0,0.00491669587790966,0.005452239885926247,0.010838530957698822,0.005214223335497081,0.004252350947353989
755.0,0.0052193207666277885,0.009934913367033005,0.015577275305986404,0.005014455295167863,0.008442514552734792
756.0,0.0045562442392110825,0.006234767381101847,0.01120357122272253,0.005141875916160643,0.004526655410882085
757.0,0.004375004209578037,0.0038946971762925386,0.0086781345307827,0.0051215356448665265,0.005164905940182507
758.0,0.004278416279703379,0.003754329401999712,0.008427238091826439,0.004025030240882188,0.005265272967517376
759.0,0.003817453980445862,0.004437397699803114,0.008636434562504292,0.004029588086996228,0.00526716144522652
760.0,0.006174965295940638,0.0061569600366055965,0.012704890221357346,0.005023725563660264,0.006650782155338675
761.0,0.003946869634091854,0.003742428030818701,0.008097534999251366,0.003889265900943428,0.004776239558123052
762.0,0.005075776018202305,0.005383550189435482,0.01083571370691061,0.004926124215126037,0.005890287121292204
763.0,0.003945356700569391,0.004617532715201378,0.008929682895541191,0.003909378545358777,0.0064575051655992866
764.0,0.004925094544887543,0.004194474779069424,0.009502401575446129,0.004879915271885693,0.004323578532785177
765.0,0.004294856917113066,0.004447998013347387,0.009129775688052177,0.00391886088764295,0.003909196681343019
766.0,0.003990424796938896,0.004000592511147261,0.008388652466237545,0.004239506623707712,0.005005079752299935
767.0,0.005729231983423233,0.004038417246192694,0.01013775635510683,0.005149189592339098,0.005807308212388307
768.0,0.004360488150268793,0.0035175334196537733,0.008264324627816677,0.003939622838515788,0.004959089646581561
769.0,0.0045419782400131226,0.0044519794173538685,0.009381112642586231,0.005114525067619979,0.006478784140199423
770.0,0.004131406545639038,0.0038876195903867483,0.008397554978728294,0.00558654002379626,0.004327305499464274
771.0,0.0056294891983270645,0.0044197640381753445,0.01041059847921133,0.007633154722861945,0.004337762494105846
772.0,0.014099685475230217,0.014255433343350887,0.028746532276272774,0.009552793577313423,0.0056540289428085085
773.0,0.0035106425639241934,0.0038913527969270945,0.007780749816447496,0.0037696777260862293,0.005071290337946266
774.0,0.0054345401003956795,0.007683343719691038,0.013501971960067749,0.005285299988463521,0.007908786146435887
775.0,0.003993145190179348,0.004188903141766787,0.008569673635065556,0.005942284571938216,0.004272855841554702
776.0,0.004226964898407459,0.004164052661508322,0.008748406544327736,0.00552266389131546,0.004975976538844407
777.0,0.00412956764921546,0.003602472133934498,0.008101719431579113,0.003712902823463082,0.005736679746769368
778.0,0.003995941020548344,0.0038000864442437887,0.008172226138412952,0.004962225747294724,0.0041825776686891915
779.0,0.003882819088175893,0.010041669011116028,0.014279795810580254,0.004808501177467406,0.00652698699850589
780.0,0.003699418157339096,0.007114696316421032,0.011181251145899296,0.004863469349220395,0.004613355151377618
781.0,0.008480444550514221,0.007631686516106129,0.01651017554104328,0.008634788589552045,0.006703097198624164
782.0,0.003072483232244849,0.004103048238903284,0.007565069478005171,0.0032289332593791187,0.00408715158700943
783.0,0.0031833872199058533,0.005031024571508169,0.008572601713240147,0.004079445649404078,0.0038965058978646995
784.0,0.0032257181592285633,0.006337218452244997,0.00993088074028492,0.003079223830718547,0.004229974548798055
785.0,0.0044156466610729694,0.005578048527240753,0.010344630107283592,0.007878406113013625,0.004211318958550691
786.0,0.006413574330508709,0.0048826695419847965,0.01172877661883831,0.00591068877838552,0.00540964042302221
787.0,0.003263516817241907,0.0044366964139044285,0.008096505887806416,0.0036463972995989026,0.005166131851729006
788.0,0.003235758049413562,0.0057956562377512455,0.009437592700123787,0.003343680512625724,0.00584803078090772
789.0,0.005692235194146633,0.010374056175351143,0.016446193680167198,0.007532179704867303,0.007806997664738446
790.0,0.004716580267995596,0.01112337689846754,0.016179105266928673,0.00459074602695182,0.00812714482890442
791.0,0.0035238778218626976,0.005225821863859892,0.009104950353503227,0.003318405000027269,0.004064959182869643
792.0,0.0034385460894554853,0.009305767714977264,0.013094631023705006,0.0038403454120270906,0.007647202035877853
793.0,0.004417570773512125,0.004775293171405792,0.009545096196234226,0.005387214571237564,0.005183651938568801
794.0,0.0032658264972269535,0.008480864576995373,0.012099351733922958,0.0031849796185269954,0.004096780449617654
795.0,0.003646685043349862,0.010242915712296963,0.014242204837501049,0.0033701229956932368,0.007734352571424097
796.0,0.002841617912054062,0.00587728014215827,0.009074938483536243,0.0046179584925994275,0.00479350290261209
797.0,0.0050416868180036545,0.004243076778948307,0.009597482159733772,0.0035436423728242516,0.003992240352090448
798.0,0.0037359576672315598,0.014506525360047817,0.018569422885775566,0.005818527331575752,0.005298606993164867
799.0,0.0031665144488215446,0.008763558231294155,0.012272723019123077,0.003691248327959329,0.007245496159885079
800.0,0.006486769299954176,0.005442419089376926,0.012268590740859509,0.005895404354669153,0.004461005877237767
801.0,0.004368767142295837,0.012676721438765526,0.017354192212224007,0.005933842225931585,0.006389129301533103
802.0,0.003864838043227792,0.004780438728630543,0.009023880586028099,0.0033376364153809845,0.004239881166722625
803.0,0.0057669393718242645,0.004644626751542091,0.010766844265162945,0.00471575977280736,0.005506780615542084
804.0,0.0034372855443507433,0.005274931434541941,0.009040093049407005,0.006499656639061868,0.004574752459302544
805.0,0.0027636734303086996,0.004360541235655546,0.007454699371010065,0.006525220349431038,0.004300772328861058
806.0,0.0044174641370773315,0.007357330992817879,0.012085306458175182,0.004689100524410605,0.006002161360811442
807.0,0.003395591164007783,0.006352003198117018,0.010086610913276672,0.0032897381926886736,0.0062678755493834615
808.0,0.0030751340091228485,0.0051767416298389435,0.008570278063416481,0.004645799379795789,0.004153793456498534
809.0,0.0028112137224525213,0.004886261187493801,0.00803758017718792,0.0029936902225017547,0.00422579359728843
810.0,0.0030285741668194532,0.0038106876891106367,0.007425307761877775,0.0031065390328876676,0.004654434265103191
811.0,0.011828619055449963,0.011679221875965595,0.024042736738920212,0.007131669204682112,0.007585260237101465
812.0,0.006215786095708609,0.004825305659323931,0.011508135125041008,0.00577978165820241,0.005410169332753867
813.0,0.003220794489607215,0.00859124306589365,0.012248550541698933,0.0033818742376752198,0.005636740813497454
814.0,0.0031179767102003098,0.007280445657670498,0.010811545886099339,0.0033119797124527397,0.005693456390872598
815.0,0.004938093014061451,0.02877986803650856,0.03413540869951248,0.0059781854273751375,0.019390449160709977
816.0,0.006819728761911392,0.0069508738815784454,0.014192705973982811,0.004756572423502803,0.007523086341097951
817.0,0.0033463765867054462,0.005057407543063164,0.008787013590335846,0.0038631845265626906,0.005373472173232585
818.0,0.0038580140098929405,0.010769486427307129,0.014974970370531082,0.004326370533090085,0.007708385854493826
819.0,0.003242015140131116,0.004414955619722605,0.008026674389839172,0.0032982474192976953,0.004481248941738158
820.0,0.0030768990982323885,0.006538383197039366,0.009961067698895931,0.0031500457786023616,0.004879532381892204
821.0,0.003333074040710926,0.006836928427219391,0.010500693693757057,0.0047117546433582905,0.004650496307294816
822.0,0.0055400533601641655,0.015108087100088596,0.02100483328104019,0.006790997926145792,0.006104760488960892
823.0,0.005954770836979151,0.007037171628326178,0.013358294032514095,0.0038665626081638036,0.005146702053025365
824.0,0.003487036330625415,0.0058390311896800995,0.009655643254518509,0.003154005715623498,0.0054883323493413625
825.0,0.002827972872182727,0.005471380427479744,0.008645017631351948,0.0030858820187859236,0.004504129267297685
826.0,0.0028884634375572205,0.007236472796648741,0.010447930544614792,0.0029300824739038945,0.004041411075741052
827.0,0.00324065238237381,0.0076469783671200275,0.011219155974686146,0.003127325186505914,0.005693200195673853
828.0,0.00443690549582243,0.006858109962195158,0.011609626933932304,0.004255727655254305,0.004479323653504253
829.0,0.0026684189215302467,0.0047289347276091576,0.0077066440135240555,0.002876521018333733,0.0038401646655984224
830.0,0.008491206914186478,0.009937888942658901,0.01874621771275997,0.006596681219525636,0.006218825210817158
831.0,0.0029808508697897196,0.004528859164565802,0.007834825664758682,0.0035493022412993016,0.003994459751993418
832.0,0.004380910191684961,0.00839944463223219,0.013073736801743507,0.005867496249265969,0.007145226059947163
833.0,0.0027473270893096924,0.010810662992298603,0.013854444958269596,0.003130175604019314,0.009360919357277453
834.0,0.0030786232091486454,0.00710323266685009,0.01048587542027235,0.0032455353415571154,0.004916923947166652
835.0,0.0036815195344388485,0.00428142910823226,0.008265124633908272,0.004392435564659536,0.004132847557775677
836.0,0.002971845446154475,0.007681517396122217,0.010976763442158699,0.0032628314453177153,0.00402623564004898
837.0,0.0026248956564813852,0.004060454200953245,0.006999024655669928,0.002798538247589022,0.004225895984563977
838.0,0.0038140746764838696,0.005057415924966335,0.009165329858660698,0.00463351015932858,0.004527432040777058
839.0,0.0030426986049860716,0.009755099192261696,0.013083667494356632,0.003018868702929467,0.004657814069651068
840.0,0.003064873395487666,0.005077572539448738,0.008442368358373642,0.003120090952143073,0.004043149936478585
841.0,0.0043387096375226974,0.013593674637377262,0.018216678872704506,0.004959365073591471,0.009258257260080427
842.0,0.0026039660442620516,0.004966448061168194,0.007976661436259747,0.0027324003516696394,0.004110967263113707
843.0,0.00761030800640583,0.006975679658353329,0.014910751022398472,0.005891160108149052,0.005887817777693272
844.0,0.008257563225924969,0.012564300559461117,0.021150028333067894,0.010166100272908807,0.006287546432577074
845.0,0.002575319493189454,0.010515839792788029,0.013421496376395226,0.0027453470160253347,0.00868233760120347
846.0,0.0025499507319182158,0.005947511177510023,0.008819923736155033,0.0030649737222120167,0.004991995438467711
847.0,0.002566338749602437,0.003918536473065615,0.006793702486902475,0.002844080957584083,0.0038361105136573313
848.0,0.002615160308778286,0.004151984117925167,0.007141442969441414,0.0033781444653868675,0.004086473712231964
849.0,0.003245095256716013,0.012168717570602894,0.01571308635175228,0.003569551941473037,0.009049107204191387
850.0,0.003669521538540721,0.005510364659130573,0.009493311867117882,0.0030385709018446506,0.004939989966806025
851.0,0.0031115279998630285,0.005306832492351532,0.008721405640244484,0.003396671754308045,0.004107841849327087
852.0,0.004129413049668074,0.005480502266436815,0.009927465580403805,0.004379354603588581,0.005195350258145481
853.0,0.003049511695280671,0.010702713392674923,0.014047464355826378,0.0030736692482605577,0.007370688219089061
854.0,0.004473681095987558,0.005222500767558813,0.010096150450408459,0.003777356003411114,0.004548791155684739
855.0,0.003802213119342923,0.0075786663219332695,0.011707363650202751,0.004170235188212246,0.0056174834026023746
856.0,0.005423306953161955,0.005186834838241339,0.010911136865615845,0.00550393492449075,0.004746008105576039
857.0,0.003190533025190234,0.004564485512673855,0.008048187009990215,0.0029330113669857384,0.004508332011755556
858.0,0.0027014994993805885,0.004485026467591524,0.007502436172217131,0.0030339974677190185,0.004261988203506917
859.0,0.0029664835892617702,0.005311210639774799,0.008569139055907726,0.002595205674879253,0.004114268068224192
860.0,0.004908762406557798,0.009614677168428898,0.014822661876678467,0.0034797574393451215,0.004248870513401925
861.0,0.0029991515912115574,0.010337173007428646,0.01363870594650507,0.0030219168751500548,0.007202246226370335
862.0,0.00363409542478621,0.017115959897637367,0.02102714404463768,0.0045719370595179495,0.010548318736255169
863.0,0.0030124105978757143,0.008415811695158482,0.012027744203805923,0.003587209573015571,0.004229343892075121
864.0,0.0027582761831581593,0.005186399444937706,0.008464401587843895,0.0029022711678408086,0.0044055469799786804
865.0,0.0031120229978114367,0.007238632068037987,0.010818441398441792,0.0037140045897103846,0.005057669477537274
866.0,0.0031676224898546934,0.011499946936964989,0.01508915051817894,0.0031467905500903726,0.009766545938327908
867.0,0.0030250505078583956,0.011791974306106567,0.015213541686534882,0.0036451096413657067,0.008817360422108322
868.0,0.0026559315156191587,0.0046112691052258015,0.007670307997614145,0.0033181550330482422,0.00392541685141623
869.0,0.004229997284710407,0.013378018513321877,0.017991216853260994,0.003832476562820375,0.010194885148666798
870.0,0.002613311167806387,0.0112758232280612,0.01428153645247221,0.002725491498131305,0.004387010971549898
871.0,0.009339460171759129,0.027578657492995262,0.03758106008172035,0.008537849853746593,0.018553389026783405
872.0,0.019006969407200813,0.027946170419454575,0.04838511347770691,0.030868164356797935,0.019033368164673447
873.0,0.004230346065014601,0.02557433396577835,0.031024158000946045,0.004651908320374787,0.017013314878568053
874.0,0.006301766261458397,0.017816005274653435,0.024809760972857475,0.006155270920135081,0.0108655558899045
875.0,0.0039867074228823185,0.01750720851123333,0.022097570821642876,0.004348928621038794,0.008408743166364729
876.0,0.005421627312898636,0.014599332585930824,0.02054723910987377,0.003856650704983622,0.009247709601186215
